studentId,marks
1,54
2,61
3,38
4,7
5,77
6,78
7,57
8,31
9,71
10,93
11,56
12,96
13,45
14,56
15,56
16,80
17,75
18,74
19,90
20,84
21,83
22,14
23,75
24,90
25,32
26,92
27,81
28,53
29,70
30,81
31,20
32,48
33,61
34,82
35,60
36,22
37,37
38,15
39,24
40,49
41,12
42,51
43,74
44,28
45,37
46,77
47,84
48,53
49,26
50,6
51,2
52,29
53,88
54,25
55,71
56,92
57,17
58,44
59,82
60,51
61,66
62,8
63,89
64,49
65,19
66,32
67,55
68,15
69,17
70,55
71,29
72,37
73,47
74,44
75,37
76,56
77,30
78,13
79,25
80,42
81,3
82,91
83,33
84,73
85,55
86,45
87,60
88,21
89,8
90,33
91,40
92,44
93,97
94,7
95,70
96,84
97,73
98,4
99,57
100,88
101,10
102,19
103,27
104,84
105,56
106,14
107,75
108,64
109,43
110,99
111,39
112,13
113,21
114,38
115,9
116,76
117,79
118,32
119,26
120,40
121,22
122,88
123,43
124,82
125,10
126,29
127,41
128,75
129,21
130,69
131,100
132,8
133,8
134,100
135,10
136,70
137,29
138,90
139,77
140,88
141,96
142,12
143,17
144,1
145,52
146,64
147,70
148,64
149,58
150,26
151,67
152,4
153,50
154,42
155,18
156,43
157,16
158,45
159,67
160,65
161,76
162,5
163,50
164,45
165,20
166,98
167,43
168,67
169,85
170,2
171,94
172,13
173,47
174,67
175,100
176,58
177,23
178,54
179,17
180,59
181,91
182,44
183,35
184,76
185,28
186,8
187,83
188,16
189,79
190,33
191,91
192,20
193,94
194,62
195,29
196,42
197,39
198,86
199,68
200,87
201,21
202,48
203,49
204,67
205,26
206,94
207,63
208,41
209,38
210,11
211,73
212,92
213,59
214,6
215,43
216,63
217,5
218,72
219,72
220,87
221,1
222,97
223,27
224,0
225,90
226,69
227,4
228,82
229,88
230,9
231,83
232,96
233,2
234,85
235,39
236,42
237,79
238,74
239,14
240,82
241,24
242,24
243,36
244,49
245,56
246,35
247,16
248,83
249,87
250,55
251,87
252,20
253,87
254,16
255,44
256,22
257,96
258,37
259,59
260,43
261,91
262,8
263,14
264,87
265,51
266,86
267,24
268,91
269,49
270,78
271,2
272,8
273,81
274,9
275,61
276,61
277,25
278,11
279,40
280,40
281,80
282,59
283,12
284,12
285,52
286,77
287,1
288,9
289,31
290,27
291,66
292,37
293,82
294,47
295,18
296,47
297,54
298,66
299,68
300,25
301,10
302,52
303,79
304,95
305,2
306,62
307,45
308,98
309,7
310,35
311,25
312,8
313,85
314,71
315,85
316,6
317,33
318,18
319,97
320,94
321,95
322,47
323,87
324,4
325,76
326,26
327,61
328,26
329,83
330,33
331,67
332,73
333,4
334,59
335,84
336,75
337,93
338,24
339,35
340,75
341,94
342,5
343,22
344,57
345,0
346,86
347,62
348,17
349,75
350,79
351,91
352,10
353,23
354,91
355,89
356,62
357,26
358,97
359,56
360,15
361,3
362,37
363,9
364,98
365,17
366,93
367,19
368,36
369,66
370,81
371,6
372,81
373,11
374,81
375,95
376,43
377,10
378,67
379,46
380,84
381,79
382,32
383,53
384,66
385,77
386,45
387,47
388,32
389,59
390,44
391,95
392,12
393,42
394,76
395,75
396,36
397,83
398,94
399,15
400,42
401,24
402,32
403,62
404,26
405,97
406,76
407,49
408,31
409,80
410,23
411,67
412,33
413,90
414,64
415,72
416,11
417,57
418,80
419,36
420,13
421,100
422,52
423,41
424,22
425,11
426,60
427,35
428,100
429,16
430,98
431,89
432,96
433,61
434,76
435,16
436,34
437,27
438,24
439,35
440,12
441,84
442,95
443,9
444,93
445,93
446,88
447,99
448,12
449,52
450,64
451,53
452,79
453,3
454,25
455,27
456,84
457,64
458,64
459,8
460,21
461,97
462,95
463,67
464,73
465,37
466,2
467,12
468,1
469,97
470,66
471,96
472,61
473,99
474,91
475,91
476,95
477,29
478,34
479,24
480,6
481,56
482,21
483,27
484,64
485,87
486,85
487,42
488,48
489,18
490,76
491,71
492,97
493,84
494,43
495,67
496,44
497,66
498,9
499,82
500,98
501,18
502,70
503,20
504,65
505,81
506,6
507,20
508,60
509,52
510,36
511,10
512,100
513,79
514,67
515,57
516,8
517,23
518,35
519,39
520,37
521,23
522,50
523,54
524,51
525,56
526,56
527,46
528,58
529,5
530,60
531,3
532,15
533,80
534,52
535,38
536,69
537,0
538,42
539,31
540,23
541,90
542,20
543,39
544,96
545,94
546,8
547,91
548,30
549,69
550,1
551,50
552,16
553,54
554,82
555,31
556,16
557,50
558,53
559,58
560,36
561,29
562,47
563,79
564,7
565,63
566,80
567,56
568,8
569,62
570,77
571,97
572,78
573,74
574,83
575,14
576,30
577,53
578,74
579,17
580,25
581,69
582,96
583,63
584,49
585,71
586,77
587,36
588,99
589,0
590,29
591,24
592,79
593,29
594,25
595,74
596,92
597,37
598,12
599,48
600,25
601,2
602,65
603,25
604,45
605,86
606,32
607,69
608,32
609,51
610,60
611,74
612,66
613,80
614,87
615,98
616,7
617,39
618,92
619,19
620,43
621,64
622,89
623,36
624,20
625,62
626,54
627,48
628,12
629,13
630,8
631,52
632,63
633,82
634,71
635,46
636,45
637,36
638,18
639,51
640,83
641,41
642,73
643,4
644,25
645,25
646,40
647,5
648,72
649,48
650,94
651,97
652,75
653,32
654,15
655,59
656,77
657,32
658,50
659,66
660,20
661,10
662,54
663,11
664,19
665,100
666,44
667,46
668,25
669,77
670,28
671,76
672,67
673,13
674,0
675,91
676,63
677,12
678,15
679,25
680,51
681,52
682,69
683,46
684,80
685,100
686,68
687,10
688,82
689,37
690,70
691,22
692,78
693,88
694,66
695,66
696,34
697,85
698,52
699,36
700,91
701,9
702,99
703,70
704,89
705,5
706,15
707,54
708,20
709,56
710,77
711,48
712,85
713,39
714,71
715,67
716,61
717,17
718,87
719,73
720,56
721,36
722,73
723,28
724,82
725,80
726,51
727,51
728,59
729,91
730,59
731,81
732,87
733,37
734,26
735,77
736,83
737,2
738,29
739,95
740,26
741,50
742,74
743,58
744,66
745,15
746,2
747,8
748,34
749,20
750,6
751,9
752,74
753,33
754,48
755,45
756,81
757,51
758,94
759,37
760,19
761,7
762,32
763,97
764,100
765,66
766,97
767,47
768,86
769,69
770,27
771,7
772,80
773,9
774,31
775,6
776,60
777,76
778,33
779,4
780,65
781,37
782,3
783,54
784,59
785,67
786,81
787,81
788,26
789,51
790,37
791,31
792,0
793,90
794,94
795,45
796,48
797,60
798,18
799,13
800,86
801,37
802,3
803,81
804,49
805,71
806,35
807,84
808,82
809,78
810,99
811,73
812,37
813,43
814,85
815,0
816,17
817,58
818,11
819,0
820,41
821,35
822,36
823,79
824,22
825,92
826,71
827,15
828,72
829,23
830,7
831,62
832,67
833,16
834,98
835,39
836,52
837,31
838,35
839,69
840,26
841,50
842,100
843,68
844,76
845,97
846,30
847,19
848,65
849,52
850,15
851,18
852,92
853,17
854,99
855,45
856,26
857,4
858,64
859,77
860,3
861,47
862,70
863,14
864,77
865,64
866,68
867,43
868,63
869,25
870,4
871,0
872,64
873,21
874,77
875,16
876,78
877,56
878,66
879,64
880,46
881,68
882,22
883,89
884,10
885,74
886,69
887,98
888,72
889,23
890,58
891,12
892,4
893,13
894,63
895,48
896,98
897,94
898,17
899,85
900,84
901,97
902,10
903,100
904,79
905,30
906,9
907,48
908,90
909,48
910,55
911,75
912,98
913,11
914,44
915,84
916,54
917,69
918,100
919,58
920,54
921,11
922,89
923,70
924,40
925,94
926,83
927,0
928,22
929,82
930,43
931,31
932,78
933,60
934,57
935,85
936,86
937,97
938,40
939,69
940,1
941,67
942,14
943,73
944,17
945,72
946,55
947,90
948,4
949,32
950,73
951,82
952,61
953,94
954,89
955,9
956,71
957,8
958,61
959,21
960,64
961,34
962,1
963,12
964,25
965,47
966,63
967,96
968,90
969,91
970,89
971,35
972,94
973,90
974,78
975,12
976,81
977,75
978,39
979,21
980,37
981,13
982,56
983,84
984,87
985,61
986,78
987,54
988,80
989,22
990,89
991,33
992,92
993,31
994,0
995,20
996,67
997,86
998,63
999,82
1000,27
1001,71
1002,99
1003,51
1004,0
1005,50
1006,80
1007,23
1008,90
1009,8
1010,66
1011,15
1012,7
1013,36
1014,75
1015,69
1016,90
1017,58
1018,53
1019,67
1020,70
1021,14
1022,18
1023,35
1024,87
1025,13
1026,88
1027,23
1028,58
1029,36
1030,87
1031,1
1032,28
1033,31
1034,25
1035,95
1036,70
1037,84
1038,1
1039,0
1040,22
1041,66
1042,85
1043,34
1044,52
1045,42
1046,82
1047,88
1048,21
1049,42
1050,49
1051,50
1052,70
1053,83
1054,13
1055,83
1056,88
1057,22
1058,20
1059,12
1060,59
1061,27
1062,67
1063,99
1064,5
1065,12
1066,79
1067,92
1068,4
1069,23
1070,47
1071,5
1072,79
1073,58
1074,17
1075,12
1076,67
1077,5
1078,53
1079,32
1080,52
1081,29
1082,92
1083,46
1084,18
1085,7
1086,38
1087,23
1088,87
1089,51
1090,5
1091,17
1092,75
1093,12
1094,48
1095,23
1096,43
1097,86
1098,24
1099,32
1100,67
1101,14
1102,44
1103,95
1104,14
1105,59
1106,24
1107,44
1108,77
1109,20
1110,22
1111,7
1112,45
1113,37
1114,23
1115,85
1116,95
1117,8
1118,10
1119,47
1120,26
1121,62
1122,12
1123,58
1124,14
1125,81
1126,45
1127,9
1128,8
1129,18
1130,8
1131,31
1132,49
1133,60
1134,79
1135,7
1136,21
1137,25
1138,56
1139,97
1140,98
1141,34
1142,69
1143,7
1144,61
1145,6
1146,49
1147,94
1148,40
1149,86
1150,84
1151,23
1152,20
1153,45
1154,43
1155,79
1156,95
1157,91
1158,51
1159,44
1160,85
1161,74
1162,54
1163,82
1164,70
1165,52
1166,70
1167,19
1168,6
1169,31
1170,78
1171,64
1172,29
1173,70
1174,19
1175,64
1176,94
1177,77
1178,65
1179,81
1180,3
1181,45
1182,60
1183,38
1184,71
1185,81
1186,39
1187,58
1188,46
1189,24
1190,69
1191,29
1192,63
1193,59
1194,55
1195,88
1196,22
1197,34
1198,56
1199,2
1200,3
1201,63
1202,37
1203,69
1204,57
1205,82
1206,31
1207,60
1208,8
1209,74
1210,4
1211,53
1212,58
1213,77
1214,69
1215,61
1216,3
1217,95
1218,66
1219,57
1220,81
1221,21
1222,72
1223,29
1224,65
1225,95
1226,86
1227,76
1228,11
1229,79
1230,62
1231,20
1232,47
1233,68
1234,58
1235,9
1236,3
1237,60
1238,26
1239,1
1240,47
1241,24
1242,84
1243,22
1244,5
1245,9
1246,71
1247,73
1248,90
1249,26
1250,49
1251,57
1252,88
1253,80
1254,44
1255,76
1256,56
1257,81
1258,34
1259,23
1260,96
1261,56
1262,62
1263,28
1264,9
1265,59
1266,47
1267,87
1268,62
1269,95
1270,85
1271,68
1272,19
1273,9
1274,73
1275,88
1276,84
1277,76
1278,21
1279,5
1280,8
1281,68
1282,57
1283,94
1284,62
1285,60
1286,97
1287,95
1288,83
1289,47
1290,53
1291,83
1292,64
1293,34
1294,25
1295,94
1296,94
1297,71
1298,81
1299,92
1300,30
1301,58
1302,64
1303,58
1304,51
1305,1
1306,59
1307,87
1308,7
1309,1
1310,23
1311,60
1312,46
1313,83
1314,47
1315,90
1316,77
1317,58
1318,58
1319,51
1320,68
1321,49
1322,60
1323,14
1324,60
1325,93
1326,97
1327,27
1328,3
1329,39
1330,91
1331,63
1332,14
1333,90
1334,75
1335,28
1336,88
1337,44
1338,24
1339,26
1340,86
1341,48
1342,46
1343,6
1344,14
1345,46
1346,97
1347,66
1348,70
1349,67
1350,68
1351,77
1352,53
1353,26
1354,5
1355,78
1356,89
1357,39
1358,0
1359,100
1360,68
1361,0
1362,4
1363,89
1364,86
1365,48
1366,50
1367,53
1368,1
1369,9
1370,60
1371,96
1372,65
1373,12
1374,89
1375,56
1376,63
1377,60
1378,28
1379,85
1380,99
1381,69
1382,4
1383,37
1384,56
1385,91
1386,3
1387,57
1388,71
1389,92
1390,11
1391,9
1392,89
1393,95
1394,37
1395,20
1396,52
1397,1
1398,31
1399,1
1400,15
1401,39
1402,99
1403,97
1404,75
1405,82
1406,97
1407,99
1408,31
1409,32
1410,26
1411,78
1412,64
1413,33
1414,13
1415,85
1416,59
1417,8
1418,94
1419,58
1420,40
1421,99
1422,24
1423,9
1424,25
1425,30
1426,94
1427,82
1428,34
1429,97
1430,36
1431,81
1432,10
1433,49
1434,63
1435,51
1436,73
1437,89
1438,44
1439,68
1440,96
1441,21
1442,40
1443,48
1444,14
1445,23
1446,95
1447,27
1448,47
1449,54
1450,67
1451,86
1452,25
1453,51
1454,48
1455,98
1456,15
1457,15
1458,85
1459,91
1460,67
1461,46
1462,35
1463,53
1464,65
1465,90
1466,82
1467,79
1468,59
1469,22
1470,33
1471,100
1472,61
1473,19
1474,57
1475,54
1476,71
1477,30
1478,52
1479,97
1480,59
1481,85
1482,23
1483,5
1484,42
1485,36
1486,69
1487,73
1488,59
1489,34
1490,80
1491,55
1492,15
1493,47
1494,1
1495,71
1496,29
1497,64
1498,54
1499,27
1500,0
1501,31
1502,89
1503,18
1504,69
1505,65
1506,49
1507,19
1508,21
1509,95
1510,77
1511,63
1512,39
1513,6
1514,63
1515,48
1516,30
1517,52
1518,85
1519,54
1520,90
1521,69
1522,64
1523,16
1524,96
1525,42
1526,87
1527,84
1528,98
1529,49
1530,70
1531,51
1532,48
1533,26
1534,98
1535,55
1536,9
1537,60
1538,65
1539,87
1540,74
1541,70
1542,1
1543,35
1544,29
1545,36
1546,89
1547,60
1548,30
1549,62
1550,75
1551,70
1552,1
1553,12
1554,33
1555,85
1556,57
1557,5
1558,98
1559,53
1560,55
1561,36
1562,87
1563,33
1564,24
1565,17
1566,75
1567,6
1568,84
1569,99
1570,32
1571,57
1572,59
1573,4
1574,20
1575,35
1576,93
1577,66
1578,42
1579,51
1580,15
1581,5
1582,66
1583,1
1584,1
1585,24
1586,61
1587,85
1588,94
1589,1
1590,18
1591,62
1592,57
1593,30
1594,0
1595,27
1596,14
1597,90
1598,63
1599,81
1600,46
1601,49
1602,40
1603,11
1604,85
1605,37
1606,56
1607,32
1608,64
1609,62
1610,79
1611,74
1612,51
1613,3
1614,18
1615,67
1616,33
1617,63
1618,0
1619,19
1620,28
1621,70
1622,8
1623,84
1624,19
1625,24
1626,41
1627,12
1628,93
1629,44
1630,67
1631,39
1632,38
1633,18
1634,69
1635,13
1636,37
1637,29
1638,56
1639,54
1640,59
1641,28
1642,68
1643,51
1644,100
1645,36
1646,37
1647,38
1648,82
1649,27
1650,52
1651,88
1652,75
1653,91
1654,31
1655,22
1656,37
1657,28
1658,72
1659,77
1660,58
1661,91
1662,35
1663,97
1664,59
1665,55
1666,66
1667,73
1668,14
1669,82
1670,68
1671,43
1672,7
1673,65
1674,92
1675,43
1676,42
1677,38
1678,75
1679,63
1680,46
1681,35
1682,41
1683,89
1684,19
1685,38
1686,0
1687,2
1688,63
1689,83
1690,94
1691,20
1692,36
1693,60
1694,74
1695,91
1696,55
1697,96
1698,63
1699,83
1700,41
1701,17
1702,31
1703,7
1704,4
1705,46
1706,14
1707,87
1708,49
1709,60
1710,42
1711,24
1712,89
1713,22
1714,71
1715,79
1716,33
1717,86
1718,100
1719,3
1720,16
1721,0
1722,21
1723,96
1724,67
1725,100
1726,48
1727,58
1728,63
1729,46
1730,33
1731,6
1732,36
1733,71
1734,22
1735,75
1736,2
1737,76
1738,54
1739,64
1740,32
1741,73
1742,57
1743,18
1744,48
1745,28
1746,14
1747,30
1748,11
1749,52
1750,25
1751,34
1752,74
1753,46
1754,32
1755,39
1756,95
1757,54
1758,17
1759,79
1760,36
1761,87
1762,16
1763,41
1764,69
1765,0
1766,69
1767,28
1768,59
1769,7
1770,15
1771,61
1772,69
1773,26
1774,24
1775,37
1776,80
1777,30
1778,2
1779,37
1780,50
1781,45
1782,52
1783,1
1784,46
1785,64
1786,57
1787,71
1788,95
1789,10
1790,5
1791,13
1792,89
1793,19
1794,9
1795,9
1796,58
1797,98
1798,43
1799,69
1800,29
1801,74
1802,32
1803,85
1804,41
1805,52
1806,37
1807,27
1808,21
1809,95
1810,18
1811,74
1812,64
1813,61
1814,70
1815,55
1816,71
1817,82
1818,86
1819,65
1820,25
1821,27
1822,62
1823,75
1824,53
1825,91
1826,7
1827,21
1828,21
1829,33
1830,4
1831,41
1832,31
1833,60
1834,60
1835,81
1836,55
1837,19
1838,48
1839,14
1840,85
1841,22
1842,56
1843,94
1844,14
1845,8
1846,21
1847,46
1848,32
1849,59
1850,99
1851,49
1852,98
1853,40
1854,47
1855,20
1856,61
1857,40
1858,70
1859,95
1860,58
1861,25
1862,27
1863,58
1864,95
1865,86
1866,6
1867,97
1868,47
1869,82
1870,67
1871,59
1872,33
1873,1
1874,27
1875,78
1876,66
1877,15
1878,38
1879,18
1880,11
1881,93
1882,87
1883,58
1884,92
1885,44
1886,17
1887,17
1888,29
1889,22
1890,59
1891,87
1892,65
1893,87
1894,32
1895,19
1896,57
1897,59
1898,45
1899,75
1900,46
1901,89
1902,91
1903,99
1904,39
1905,23
1906,86
1907,65
1908,48
1909,47
1910,91
1911,42
1912,89
1913,57
1914,37
1915,81
1916,38
1917,63
1918,60
1919,86
1920,55
1921,17
1922,11
1923,69
1924,54
1925,36
1926,81
1927,83
1928,25
1929,68
1930,39
1931,14
1932,69
1933,75
1934,100
1935,59
1936,24
1937,0
1938,98
1939,53
1940,57
1941,31
1942,79
1943,70
1944,29
1945,66
1946,88
1947,11
1948,91
1949,8
1950,33
1951,87
1952,12
1953,75
1954,38
1955,44
1956,32
1957,58
1958,64
1959,89
1960,10
1961,97
1962,99
1963,17
1964,70
1965,95
1966,95
1967,47
1968,46
1969,59
1970,93
1971,75
1972,28
1973,1
1974,56
1975,45
1976,86
1977,31
1978,18
1979,90
1980,33
1981,22
1982,62
1983,88
1984,51
1985,19
1986,22
1987,44
1988,27
1989,13
1990,72
1991,70
1992,72
1993,27
1994,3
1995,27
1996,11
1997,56
1998,21
1999,12
2000,3
2001,20
2002,36
2003,87
2004,1
2005,30
2006,30
2007,70
2008,82
2009,24
2010,84
2011,8
2012,54
2013,32
2014,69
2015,69
2016,75
2017,61
2018,83
2019,45
2020,97
2021,53
2022,76
2023,97
2024,64
2025,84
2026,57
2027,91
2028,44
2029,9
2030,57
2031,86
2032,25
2033,43
2034,45
2035,47
2036,51
2037,4
2038,99
2039,54
2040,44
2041,35
2042,97
2043,90
2044,82
2045,92
2046,84
2047,53
2048,93
2049,6
2050,33
2051,39
2052,27
2053,38
2054,47
2055,80
2056,0
2057,8
2058,49
2059,96
2060,14
2061,48
2062,91
2063,81
2064,30
2065,16
2066,46
2067,14
2068,47
2069,39
2070,77
2071,8
2072,24
2073,27
2074,96
2075,19
2076,62
2077,15
2078,72
2079,99
2080,32
2081,4
2082,74
2083,79
2084,89
2085,34
2086,73
2087,14
2088,62
2089,48
2090,88
2091,84
2092,95
2093,95
2094,46
2095,86
2096,37
2097,4
2098,30
2099,93
2100,70
2101,78
2102,77
2103,9
2104,96
2105,19
2106,6
2107,21
2108,61
2109,13
2110,59
2111,2
2112,1
2113,0
2114,29
2115,39
2116,28
2117,40
2118,83
2119,70
2120,44
2121,98
2122,9
2123,86
2124,38
2125,7
2126,64
2127,10
2128,16
2129,74
2130,92
2131,14
2132,81
2133,81
2134,9
2135,95
2136,19
2137,14
2138,24
2139,59
2140,76
2141,43
2142,55
2143,27
2144,49
2145,98
2146,23
2147,13
2148,60
2149,62
2150,0
2151,54
2152,42
2153,41
2154,65
2155,17
2156,12
2157,32
2158,57
2159,53
2160,63
2161,11
2162,77
2163,96
2164,38
2165,21
2166,51
2167,82
2168,19
2169,13
2170,16
2171,40
2172,59
2173,88
2174,54
2175,40
2176,84
2177,12
2178,7
2179,81
2180,89
2181,82
2182,37
2183,30
2184,39
2185,52
2186,89
2187,12
2188,65
2189,82
2190,97
2191,76
2192,52
2193,88
2194,57
2195,96
2196,77
2197,94
2198,91
2199,71
2200,69
2201,100
2202,87
2203,44
2204,6
2205,45
2206,4
2207,18
2208,14
2209,67
2210,58
2211,78
2212,52
2213,21
2214,72
2215,3
2216,72
2217,26
2218,85
2219,78
2220,83
2221,44
2222,70
2223,87
2224,67
2225,44
2226,12
2227,1
2228,18
2229,0
2230,25
2231,50
2232,86
2233,85
2234,8
2235,74
2236,50
2237,72
2238,91
2239,12
2240,88
2241,39
2242,59
2243,32
2244,97
2245,69
2246,56
2247,57
2248,12
2249,86
2250,95
2251,26
2252,39
2253,22
2254,13
2255,54
2256,29
2257,30
2258,59
2259,52
2260,23
2261,22
2262,90
2263,47
2264,33
2265,85
2266,46
2267,49
2268,41
2269,12
2270,31
2271,12
2272,49
2273,93
2274,19
2275,64
2276,79
2277,42
2278,44
2279,76
2280,8
2281,3
2282,75
2283,35
2284,13
2285,56
2286,24
2287,79
2288,0
2289,94
2290,2
2291,100
2292,18
2293,7
2294,78
2295,18
2296,99
2297,36
2298,6
2299,5
2300,27
2301,15
2302,95
2303,72
2304,19
2305,88
2306,30
2307,51
2308,75
2309,80
2310,37
2311,91
2312,53
2313,12
2314,55
2315,69
2316,48
2317,65
2318,31
2319,71
2320,43
2321,56
2322,65
2323,6
2324,7
2325,3
2326,43
2327,25
2328,74
2329,29
2330,24
2331,89
2332,46
2333,77
2334,83
2335,61
2336,38
2337,88
2338,56
2339,73
2340,34
2341,10
2342,49
2343,10
2344,37
2345,56
2346,99
2347,16
2348,81
2349,30
2350,30
2351,18
2352,81
2353,63
2354,100
2355,8
2356,48
2357,73
2358,80
2359,78
2360,38
2361,53
2362,47
2363,24
2364,93
2365,62
2366,29
2367,83
2368,41
2369,21
2370,92
2371,26
2372,31
2373,54
2374,96
2375,47
2376,69
2377,60
2378,97
2379,67
2380,5
2381,100
2382,32
2383,14
2384,24
2385,16
2386,94
2387,20
2388,34
2389,2
2390,81
2391,71
2392,21
2393,7
2394,90
2395,88
2396,79
2397,20
2398,25
2399,33
2400,92
2401,83
2402,13
2403,60
2404,43
2405,93
2406,40
2407,69
2408,4
2409,50
2410,88
2411,19
2412,34
2413,36
2414,29
2415,76
2416,45
2417,26
2418,52
2419,50
2420,98
2421,69
2422,75
2423,47
2424,84
2425,29
2426,82
2427,14
2428,50
2429,23
2430,16
2431,1
2432,86
2433,81
2434,15
2435,20
2436,64
2437,83
2438,34
2439,23
2440,32
2441,52
2442,78
2443,48
2444,16
2445,3
2446,6
2447,5
2448,28
2449,38
2450,24
2451,40
2452,96
2453,44
2454,45
2455,58
2456,64
2457,17
2458,56
2459,49
2460,55
2461,11
2462,58
2463,19
2464,75
2465,55
2466,81
2467,50
2468,8
2469,54
2470,68
2471,27
2472,15
2473,66
2474,86
2475,64
2476,18
2477,4
2478,90
2479,67
2480,64
2481,52
2482,68
2483,16
2484,40
2485,34
2486,67
2487,1
2488,57
2489,8
2490,43
2491,54
2492,18
2493,45
2494,42
2495,92
2496,85
2497,88
2498,57
2499,4
2500,69
2501,40
2502,44
2503,18
2504,17
2505,39
2506,34
2507,1
2508,76
2509,95
2510,69
2511,60
2512,8
2513,64
2514,56
2515,33
2516,4
2517,31
2518,57
2519,89
2520,33
2521,10
2522,53
2523,72
2524,94
2525,90
2526,51
2527,24
2528,85
2529,36
2530,50
2531,88
2532,31
2533,97
2534,39
2535,17
2536,22
2537,17
2538,55
2539,47
2540,29
2541,88
2542,88
2543,64
2544,38
2545,49
2546,19
2547,73
2548,12
2549,94
2550,61
2551,73
2552,14
2553,15
2554,56
2555,24
2556,32
2557,81
2558,77
2559,51
2560,71
2561,43
2562,70
2563,84
2564,23
2565,77
2566,41
2567,52
2568,24
2569,39
2570,98
2571,79
2572,65
2573,25
2574,66
2575,91
2576,71
2577,21
2578,100
2579,18
2580,12
2581,81
2582,39
2583,92
2584,74
2585,85
2586,4
2587,4
2588,0
2589,68
2590,78
2591,8
2592,40
2593,22
2594,59
2595,62
2596,53
2597,60
2598,73
2599,66
2600,96
2601,35
2602,93
2603,37
2604,15
2605,17
2606,43
2607,96
2608,43
2609,57
2610,85
2611,66
2612,70
2613,89
2614,1
2615,37
2616,89
2617,79
2618,33
2619,21
2620,45
2621,32
2622,32
2623,17
2624,8
2625,43
2626,71
2627,36
2628,12
2629,91
2630,51
2631,47
2632,45
2633,41
2634,61
2635,19
2636,60
2637,80
2638,81
2639,39
2640,0
2641,86
2642,38
2643,0
2644,57
2645,5
2646,7
2647,92
2648,54
2649,62
2650,35
2651,81
2652,71
2653,57
2654,43
2655,88
2656,45
2657,35
2658,9
2659,63
2660,16
2661,25
2662,8
2663,72
2664,66
2665,48
2666,90
2667,37
2668,5
2669,66
2670,70
2671,29
2672,95
2673,58
2674,11
2675,22
2676,22
2677,26
2678,68
2679,26
2680,48
2681,71
2682,76
2683,68
2684,74
2685,27
2686,87
2687,19
2688,49
2689,64
2690,14
2691,1
2692,78
2693,51
2694,6
2695,78
2696,23
2697,31
2698,0
2699,57
2700,15
2701,20
2702,58
2703,29
2704,67
2705,90
2706,25
2707,72
2708,17
2709,52
2710,75
2711,68
2712,90
2713,49
2714,86
2715,97
2716,100
2717,84
2718,78
2719,99
2720,80
2721,5
2722,89
2723,45
2724,16
2725,52
2726,43
2727,77
2728,75
2729,18
2730,61
2731,70
2732,84
2733,8
2734,2
2735,58
2736,95
2737,82
2738,48
2739,49
2740,31
2741,11
2742,84
2743,1
2744,58
2745,45
2746,65
2747,40
2748,28
2749,26
2750,58
2751,56
2752,82
2753,12
2754,24
2755,64
2756,44
2757,14
2758,15
2759,32
2760,32
2761,56
2762,38
2763,37
2764,45
2765,37
2766,85
2767,44
2768,2
2769,50
2770,31
2771,37
2772,6
2773,95
2774,35
2775,98
2776,0
2777,22
2778,86
2779,46
2780,37
2781,10
2782,46
2783,22
2784,62
2785,45
2786,68
2787,55
2788,64
2789,75
2790,76
2791,92
2792,31
2793,2
2794,63
2795,12
2796,6
2797,78
2798,16
2799,53
2800,11
2801,98
2802,74
2803,18
2804,84
2805,69
2806,75
2807,36
2808,79
2809,10
2810,32
2811,10
2812,74
2813,20
2814,88
2815,88
2816,55
2817,14
2818,50
2819,9
2820,65
2821,72
2822,66
2823,34
2824,70
2825,63
2826,17
2827,47
2828,53
2829,59
2830,9
2831,65
2832,8
2833,4
2834,20
2835,7
2836,40
2837,23
2838,55
2839,36
2840,56
2841,38
2842,87
2843,55
2844,33
2845,82
2846,41
2847,9
2848,97
2849,21
2850,22
2851,86
2852,94
2853,88
2854,79
2855,49
2856,74
2857,54
2858,37
2859,8
2860,24
2861,8
2862,46
2863,56
2864,52
2865,14
2866,59
2867,31
2868,99
2869,49
2870,3
2871,35
2872,79
2873,47
2874,55
2875,51
2876,36
2877,45
2878,20
2879,55
2880,43
2881,33
2882,40
2883,3
2884,56
2885,41
2886,8
2887,3
2888,69
2889,30
2890,1
2891,85
2892,55
2893,49
2894,48
2895,47
2896,54
2897,92
2898,72
2899,60
2900,91
2901,89
2902,3
2903,57
2904,52
2905,53
2906,2
2907,65
2908,92
2909,97
2910,31
2911,60
2912,5
2913,97
2914,40
2915,98
2916,6
2917,62
2918,93
2919,17
2920,62
2921,14
2922,11
2923,20
2924,32
2925,19
2926,45
2927,33
2928,6
2929,23
2930,13
2931,87
2932,70
2933,22
2934,90
2935,37
2936,52
2937,43
2938,82
2939,77
2940,67
2941,91
2942,72
2943,61
2944,0
2945,94
2946,40
2947,29
2948,86
2949,24
2950,19
2951,15
2952,73
2953,85
2954,59
2955,75
2956,100
2957,55
2958,33
2959,19
2960,13
2961,83
2962,28
2963,66
2964,37
2965,47
2966,54
2967,74
2968,85
2969,83
2970,34
2971,52
2972,37
2973,14
2974,43
2975,4
2976,71
2977,35
2978,84
2979,100
2980,83
2981,11
2982,75
2983,68
2984,97
2985,19
2986,25
2987,76
2988,28
2989,92
2990,21
2991,7
2992,58
2993,89
2994,7
2995,6
2996,51
2997,49
2998,63
2999,45
3000,35
3001,65
3002,38
3003,4
3004,5
3005,25
3006,48
3007,87
3008,75
3009,81
3010,94
3011,8
3012,11
3013,47
3014,95
3015,41
3016,36
3017,86
3018,49
3019,13
3020,21
3021,4
3022,54
3023,21
3024,84
3025,35
3026,16
3027,31
3028,94
3029,51
3030,32
3031,13
3032,92
3033,80
3034,56
3035,47
3036,5
3037,86
3038,31
3039,96
3040,18
3041,18
3042,58
3043,60
3044,62
3045,47
3046,62
3047,14
3048,65
3049,37
3050,73
3051,19
3052,69
3053,15
3054,66
3055,21
3056,93
3057,48
3058,86
3059,30
3060,34
3061,58
3062,10
3063,43
3064,33
3065,32
3066,1
3067,67
3068,81
3069,78
3070,50
3071,77
3072,79
3073,78
3074,62
3075,10
3076,100
3077,79
3078,42
3079,25
3080,82
3081,48
3082,6
3083,39
3084,52
3085,90
3086,1
3087,13
3088,91
3089,78
3090,58
3091,69
3092,55
3093,68
3094,26
3095,81
3096,48
3097,43
3098,22
3099,53
3100,45
3101,23
3102,69
3103,55
3104,99
3105,12
3106,61
3107,29
3108,57
3109,69
3110,91
3111,71
3112,74
3113,20
3114,31
3115,88
3116,28
3117,30
3118,68
3119,88
3120,25
3121,15
3122,46
3123,20
3124,47
3125,5
3126,72
3127,75
3128,90
3129,52
3130,41
3131,62
3132,71
3133,69
3134,33
3135,84
3136,75
3137,11
3138,52
3139,85
3140,87
3141,74
3142,31
3143,0
3144,66
3145,54
3146,49
3147,30
3148,38
3149,2
3150,95
3151,67
3152,87
3153,50
3154,32
3155,31
3156,99
3157,6
3158,30
3159,60
3160,35
3161,39
3162,61
3163,72
3164,96
3165,69
3166,47
3167,0
3168,57
3169,90
3170,45
3171,49
3172,23
3173,1
3174,64
3175,35
3176,35
3177,41
3178,89
3179,49
3180,27
3181,7
3182,71
3183,54
3184,91
3185,15
3186,75
3187,65
3188,28
3189,42
3190,41
3191,28
3192,100
3193,60
3194,100
3195,91
3196,47
3197,58
3198,43
3199,84
3200,87
3201,44
3202,92
3203,84
3204,13
3205,74
3206,7
3207,12
3208,14
3209,27
3210,17
3211,10
3212,79
3213,32
3214,8
3215,85
3216,17
3217,40
3218,70
3219,82
3220,23
3221,75
3222,36
3223,5
3224,67
3225,49
3226,53
3227,11
3228,47
3229,17
3230,77
3231,73
3232,58
3233,71
3234,76
3235,73
3236,62
3237,29
3238,61
3239,83
3240,70
3241,25
3242,84
3243,98
3244,46
3245,28
3246,38
3247,43
3248,71
3249,63
3250,5
3251,13
3252,87
3253,87
3254,69
3255,44
3256,44
3257,86
3258,79
3259,6
3260,24
3261,95
3262,19
3263,36
3264,7
3265,79
3266,43
3267,45
3268,52
3269,72
3270,40
3271,57
3272,96
3273,3
3274,69
3275,67
3276,69
3277,72
3278,26
3279,46
3280,89
3281,75
3282,78
3283,25
3284,35
3285,33
3286,41
3287,60
3288,100
3289,38
3290,14
3291,84
3292,3
3293,65
3294,50
3295,50
3296,75
3297,14
3298,17
3299,80
3300,99
3301,33
3302,21
3303,41
3304,67
3305,34
3306,96
3307,20
3308,56
3309,30
3310,50
3311,13
3312,62
3313,85
3314,58
3315,24
3316,44
3317,25
3318,69
3319,78
3320,38
3321,80
3322,46
3323,87
3324,56
3325,67
3326,91
3327,67
3328,41
3329,99
3330,77
3331,45
3332,80
3333,59
3334,4
3335,39
3336,66
3337,44
3338,23
3339,15
3340,85
3341,18
3342,60
3343,67
3344,6
3345,66
3346,30
3347,6
3348,82
3349,7
3350,90
3351,31
3352,86
3353,2
3354,26
3355,23
3356,42
3357,18
3358,30
3359,99
3360,66
3361,20
3362,47
3363,97
3364,9
3365,49
3366,31
3367,42
3368,54
3369,22
3370,3
3371,41
3372,36
3373,14
3374,83
3375,68
3376,57
3377,99
3378,3
3379,42
3380,61
3381,50
3382,66
3383,5
3384,12
3385,57
3386,35
3387,5
3388,68
3389,2
3390,82
3391,96
3392,96
3393,29
3394,81
3395,22
3396,61
3397,86
3398,19
3399,50
3400,39
3401,62
3402,81
3403,94
3404,85
3405,29
3406,42
3407,48
3408,95
3409,42
3410,19
3411,99
3412,69
3413,16
3414,57
3415,89
3416,47
3417,6
3418,96
3419,23
3420,41
3421,19
3422,6
3423,50
3424,87
3425,42
3426,94
3427,83
3428,44
3429,88
3430,16
3431,18
3432,42
3433,33
3434,48
3435,86
3436,40
3437,38
3438,88
3439,16
3440,55
3441,21
3442,8
3443,78
3444,65
3445,9
3446,48
3447,5
3448,46
3449,24
3450,96
3451,15
3452,4
3453,6
3454,92
3455,4
3456,84
3457,78
3458,94
3459,33
3460,2
3461,38
3462,58
3463,100
3464,10
3465,99
3466,70
3467,2
3468,6
3469,42
3470,30
3471,20
3472,27
3473,50
3474,79
3475,12
3476,70
3477,76
3478,57
3479,72
3480,40
3481,36
3482,37
3483,16
3484,25
3485,21
3486,87
3487,72
3488,5
3489,100
3490,81
3491,15
3492,43
3493,7
3494,64
3495,76
3496,10
3497,37
3498,81
3499,68
3500,87
3501,12
3502,32
3503,32
3504,94
3505,40
3506,14
3507,85
3508,49
3509,0
3510,21
3511,93
3512,1
3513,49
3514,64
3515,41
3516,10
3517,47
3518,86
3519,55
3520,95
3521,42
3522,75
3523,25
3524,62
3525,92
3526,11
3527,17
3528,93
3529,27
3530,37
3531,5
3532,36
3533,97
3534,84
3535,15
3536,35
3537,83
3538,64
3539,62
3540,13
3541,34
3542,49
3543,99
3544,45
3545,7
3546,13
3547,57
3548,36
3549,9
3550,89
3551,47
3552,0
3553,37
3554,79
3555,76
3556,31
3557,10
3558,31
3559,89
3560,17
3561,26
3562,93
3563,62
3564,50
3565,63
3566,2
3567,85
3568,3
3569,68
3570,100
3571,45
3572,56
3573,77
3574,53
3575,100
3576,68
3577,12
3578,83
3579,27
3580,10
3581,0
3582,94
3583,90
3584,7
3585,70
3586,13
3587,83
3588,63
3589,51
3590,77
3591,24
3592,95
3593,19
3594,75
3595,95
3596,28
3597,31
3598,10
3599,48
3600,81
3601,68
3602,6
3603,91
3604,4
3605,15
3606,83
3607,22
3608,79
3609,17
3610,41
3611,24
3612,67
3613,9
3614,51
3615,48
3616,11
3617,79
3618,62
3619,36
3620,79
3621,58
3622,12
3623,84
3624,23
3625,33
3626,81
3627,92
3628,78
3629,96
3630,79
3631,17
3632,36
3633,70
3634,30
3635,24
3636,74
3637,43
3638,44
3639,28
3640,2
3641,61
3642,46
3643,40
3644,20
3645,84
3646,84
3647,97
3648,57
3649,96
3650,83
3651,61
3652,44
3653,15
3654,99
3655,19
3656,16
3657,50
3658,80
3659,50
3660,99
3661,28
3662,89
3663,12
3664,64
3665,12
3666,54
3667,26
3668,63
3669,89
3670,90
3671,53
3672,22
3673,59
3674,18
3675,54
3676,79
3677,89
3678,89
3679,41
3680,1
3681,42
3682,93
3683,100
3684,60
3685,60
3686,99
3687,26
3688,41
3689,55
3690,72
3691,52
3692,85
3693,46
3694,87
3695,38
3696,82
3697,63
3698,6
3699,85
3700,59
3701,49
3702,69
3703,14
3704,10
3705,83
3706,65
3707,33
3708,85
3709,20
3710,80
3711,51
3712,41
3713,66
3714,56
3715,97
3716,19
3717,12
3718,54
3719,23
3720,27
3721,42
3722,34
3723,38
3724,35
3725,98
3726,38
3727,1
3728,65
3729,60
3730,69
3731,85
3732,66
3733,22
3734,24
3735,3
3736,61
3737,8
3738,24
3739,52
3740,40
3741,96
3742,68
3743,38
3744,0
3745,14
3746,91
3747,26
3748,54
3749,28
3750,79
3751,18
3752,27
3753,56
3754,8
3755,83
3756,97
3757,88
3758,74
3759,37
3760,47
3761,65
3762,87
3763,57
3764,56
3765,52
3766,98
3767,60
3768,74
3769,91
3770,80
3771,36
3772,91
3773,58
3774,48
3775,3
3776,57
3777,78
3778,21
3779,53
3780,85
3781,3
3782,30
3783,17
3784,11
3785,37
3786,60
3787,20
3788,89
3789,15
3790,86
3791,41
3792,96
3793,66
3794,16
3795,29
3796,92
3797,91
3798,100
3799,32
3800,22
3801,70
3802,14
3803,89
3804,100
3805,6
3806,85
3807,16
3808,73
3809,5
3810,41
3811,11
3812,32
3813,1
3814,38
3815,24
3816,13
3817,47
3818,98
3819,95
3820,44
3821,98
3822,37
3823,82
3824,89
3825,17
3826,65
3827,18
3828,89
3829,71
3830,35
3831,30
3832,69
3833,62
3834,29
3835,62
3836,13
3837,96
3838,11
3839,50
3840,72
3841,98
3842,25
3843,10
3844,83
3845,96
3846,40
3847,78
3848,48
3849,72
3850,30
3851,69
3852,66
3853,59
3854,100
3855,73
3856,43
3857,48
3858,27
3859,26
3860,15
3861,60
3862,72
3863,59
3864,49
3865,85
3866,16
3867,77
3868,14
3869,21
3870,26
3871,50
3872,73
3873,90
3874,29
3875,82
3876,17
3877,1
3878,83
3879,34
3880,68
3881,93
3882,16
3883,45
3884,98
3885,44
3886,75
3887,54
3888,94
3889,47
3890,46
3891,45
3892,47
3893,78
3894,56
3895,63
3896,52
3897,53
3898,26
3899,93
3900,35
3901,14
3902,52
3903,2
3904,40
3905,76
3906,5
3907,80
3908,66
3909,16
3910,36
3911,49
3912,96
3913,47
3914,14
3915,76
3916,22
3917,64
3918,18
3919,87
3920,53
3921,42
3922,54
3923,32
3924,43
3925,68
3926,60
3927,14
3928,32
3929,60
3930,11
3931,85
3932,77
3933,63
3934,60
3935,96
3936,86
3937,82
3938,55
3939,54
3940,47
3941,76
3942,46
3943,67
3944,44
3945,42
3946,19
3947,98
3948,72
3949,50
3950,38
3951,46
3952,92
3953,16
3954,97
3955,3
3956,41
3957,63
3958,81
3959,22
3960,31
3961,57
3962,69
3963,86
3964,41
3965,34
3966,39
3967,12
3968,25
3969,59
3970,73
3971,35
3972,49
3973,92
3974,49
3975,73
3976,11
3977,18
3978,76
3979,96
3980,99
3981,5
3982,78
3983,45
3984,20
3985,92
3986,88
3987,24
3988,79
3989,0
3990,10
3991,59
3992,72
3993,59
3994,12
3995,72
3996,13
3997,60
3998,71
3999,3
4000,66
4001,49
4002,1
4003,69
4004,63
4005,53
4006,2
4007,20
4008,1
4009,91
4010,91
4011,34
4012,27
4013,79
4014,21
4015,39
4016,41
4017,74
4018,20
4019,83
4020,87
4021,31
4022,24
4023,36
4024,19
4025,20
4026,76
4027,53
4028,20
4029,0
4030,6
4031,19
4032,55
4033,11
4034,31
4035,15
4036,98
4037,37
4038,27
4039,95
4040,60
4041,70
4042,89
4043,99
4044,2
4045,88
4046,37
4047,12
4048,64
4049,40
4050,49
4051,4
4052,13
4053,14
4054,20
4055,17
4056,76
4057,46
4058,47
4059,12
4060,0
4061,42
4062,56
4063,2
4064,5
4065,20
4066,42
4067,18
4068,76
4069,45
4070,67
4071,17
4072,69
4073,8
4074,80
4075,64
4076,15
4077,35
4078,95
4079,62
4080,33
4081,54
4082,97
4083,72
4084,66
4085,80
4086,34
4087,39
4088,7
4089,74
4090,33
4091,54
4092,37
4093,52
4094,16
4095,59
4096,100
4097,13
4098,56
4099,7
4100,63
4101,11
4102,31
4103,52
4104,40
4105,83
4106,66
4107,15
4108,42
4109,58
4110,15
4111,66
4112,12
4113,83
4114,45
4115,11
4116,12
4117,3
4118,80
4119,17
4120,7
4121,29
4122,39
4123,87
4124,67
4125,0
4126,88
4127,9
4128,86
4129,76
4130,6
4131,80
4132,7
4133,43
4134,66
4135,30
4136,58
4137,64
4138,47
4139,17
4140,87
4141,74
4142,38
4143,73
4144,38
4145,3
4146,65
4147,77
4148,47
4149,42
4150,78
4151,85
4152,95
4153,57
4154,39
4155,58
4156,9
4157,58
4158,48
4159,1
4160,24
4161,25
4162,61
4163,72
4164,77
4165,69
4166,54
4167,41
4168,57
4169,41
4170,25
4171,64
4172,85
4173,42
4174,21
4175,14
4176,11
4177,35
4178,68
4179,90
4180,97
4181,34
4182,56
4183,35
4184,19
4185,33
4186,0
4187,99
4188,98
4189,30
4190,78
4191,80
4192,23
4193,34
4194,19
4195,7
4196,61
4197,91
4198,74
4199,82
4200,45
4201,88
4202,19
4203,67
4204,93
4205,82
4206,27
4207,91
4208,75
4209,18
4210,68
4211,11
4212,70
4213,62
4214,1
4215,99
4216,31
4217,60
4218,70
4219,61
4220,17
4221,81
4222,52
4223,82
4224,15
4225,83
4226,28
4227,67
4228,24
4229,33
4230,50
4231,33
4232,41
4233,51
4234,35
4235,64
4236,44
4237,62
4238,4
4239,3
4240,46
4241,76
4242,19
4243,6
4244,95
4245,51
4246,69
4247,6
4248,33
4249,35
4250,53
4251,100
4252,37
4253,28
4254,46
4255,33
4256,46
4257,85
4258,52
4259,24
4260,11
4261,93
4262,70
4263,16
4264,46
4265,96
4266,79
4267,30
4268,65
4269,65
4270,4
4271,50
4272,20
4273,92
4274,16
4275,66
4276,78
4277,76
4278,54
4279,92
4280,16
4281,77
4282,77
4283,26
4284,15
4285,21
4286,15
4287,87
4288,68
4289,37
4290,46
4291,78
4292,92
4293,77
4294,73
4295,62
4296,74
4297,22
4298,10
4299,55
4300,29
4301,22
4302,86
4303,65
4304,76
4305,43
4306,57
4307,48
4308,38
4309,97
4310,93
4311,79
4312,81
4313,81
4314,72
4315,99
4316,78
4317,72
4318,61
4319,16
4320,7
4321,2
4322,22
4323,21
4324,50
4325,35
4326,58
4327,1
4328,7
4329,71
4330,14
4331,71
4332,23
4333,11
4334,13
4335,77
4336,51
4337,47
4338,95
4339,46
4340,34
4341,58
4342,75
4343,4
4344,82
4345,67
4346,36
4347,85
4348,95
4349,99
4350,88
4351,4
4352,75
4353,35
4354,49
4355,62
4356,62
4357,30
4358,15
4359,40
4360,100
4361,76
4362,56
4363,10
4364,74
4365,40
4366,49
4367,97
4368,66
4369,78
4370,27
4371,60
4372,40
4373,70
4374,89
4375,4
4376,8
4377,58
4378,67
4379,23
4380,94
4381,62
4382,8
4383,59
4384,93
4385,54
4386,32
4387,100
4388,87
4389,46
4390,63
4391,37
4392,3
4393,66
4394,17
4395,68
4396,68
4397,88
4398,54
4399,9
4400,78
4401,9
4402,59
4403,43
4404,80
4405,79
4406,33
4407,11
4408,58
4409,77
4410,11
4411,66
4412,83
4413,50
4414,49
4415,56
4416,66
4417,34
4418,70
4419,82
4420,58
4421,4
4422,78
4423,99
4424,90
4425,9
4426,35
4427,68
4428,84
4429,45
4430,97
4431,63
4432,9
4433,93
4434,100
4435,25
4436,76
4437,72
4438,54
4439,88
4440,43
4441,6
4442,87
4443,23
4444,87
4445,57
4446,90
4447,80
4448,28
4449,86
4450,4
4451,83
4452,35
4453,37
4454,4
4455,11
4456,28
4457,74
4458,30
4459,43
4460,56
4461,49
4462,92
4463,83
4464,34
4465,79
4466,47
4467,28
4468,58
4469,19
4470,74
4471,87
4472,58
4473,50
4474,31
4475,86
4476,2
4477,37
4478,77
4479,46
4480,20
4481,51
4482,11
4483,67
4484,91
4485,59
4486,95
4487,49
4488,41
4489,66
4490,31
4491,48
4492,85
4493,34
4494,1
4495,81
4496,99
4497,21
4498,95
4499,89
4500,57
4501,7
4502,63
4503,67
4504,17
4505,66
4506,39
4507,44
4508,91
4509,94
4510,62
4511,86
4512,12
4513,45
4514,87
4515,96
4516,82
4517,54
4518,84
4519,79
4520,12
4521,99
4522,18
4523,1
4524,3
4525,11
4526,3
4527,68
4528,94
4529,49
4530,49
4531,25
4532,47
4533,23
4534,86
4535,90
4536,51
4537,43
4538,63
4539,53
4540,36
4541,42
4542,10
4543,66
4544,80
4545,91
4546,69
4547,33
4548,39
4549,61
4550,99
4551,64
4552,38
4553,65
4554,70
4555,57
4556,100
4557,23
4558,46
4559,20
4560,5
4561,22
4562,29
4563,23
4564,43
4565,87
4566,2
4567,1
4568,48
4569,57
4570,34
4571,58
4572,19
4573,62
4574,9
4575,81
4576,74
4577,7
4578,0
4579,55
4580,49
4581,27
4582,61
4583,61
4584,15
4585,56
4586,61
4587,86
4588,26
4589,58
4590,56
4591,75
4592,9
4593,92
4594,39
4595,36
4596,30
4597,81
4598,8
4599,24
4600,52
4601,100
4602,26
4603,38
4604,74
4605,59
4606,13
4607,13
4608,16
4609,27
4610,53
4611,66
4612,75
4613,73
4614,53
4615,100
4616,5
4617,6
4618,45
4619,55
4620,84
4621,96
4622,92
4623,30
4624,94
4625,14
4626,5
4627,75
4628,42
4629,89
4630,96
4631,80
4632,100
4633,74
4634,13
4635,51
4636,59
4637,74
4638,37
4639,42
4640,39
4641,16
4642,78
4643,32
4644,47
4645,14
4646,44
4647,60
4648,70
4649,38
4650,99
4651,33
4652,40
4653,71
4654,15
4655,32
4656,5
4657,44
4658,46
4659,85
4660,50
4661,95
4662,55
4663,36
4664,91
4665,36
4666,52
4667,14
4668,1
4669,20
4670,33
4671,35
4672,47
4673,99
4674,51
4675,45
4676,18
4677,33
4678,99
4679,36
4680,88
4681,9
4682,39
4683,92
4684,23
4685,2
4686,30
4687,44
4688,24
4689,94
4690,88
4691,94
4692,96
4693,15
4694,28
4695,71
4696,19
4697,72
4698,24
4699,12
4700,1
4701,83
4702,35
4703,87
4704,52
4705,9
4706,44
4707,84
4708,22
4709,25
4710,92
4711,68
4712,16
4713,91
4714,61
4715,46
4716,95
4717,50
4718,60
4719,53
4720,30
4721,29
4722,30
4723,62
4724,11
4725,78
4726,2
4727,77
4728,83
4729,23
4730,2
4731,26
4732,11
4733,76
4734,26
4735,88
4736,4
4737,66
4738,30
4739,9
4740,63
4741,35
4742,75
4743,13
4744,51
4745,12
4746,56
4747,43
4748,45
4749,16
4750,21
4751,73
4752,12
4753,10
4754,74
4755,0
4756,79
4757,46
4758,50
4759,85
4760,96
4761,56
4762,87
4763,25
4764,63
4765,90
4766,22
4767,38
4768,15
4769,96
4770,53
4771,84
4772,85
4773,16
4774,98
4775,62
4776,11
4777,79
4778,82
4779,9
4780,6
4781,27
4782,19
4783,88
4784,62
4785,69
4786,68
4787,71
4788,8
4789,76
4790,23
4791,97
4792,29
4793,68
4794,61
4795,50
4796,55
4797,21
4798,60
4799,78
4800,19
4801,31
4802,100
4803,32
4804,5
4805,51
4806,45
4807,96
4808,12
4809,29
4810,26
4811,93
4812,95
4813,79
4814,28
4815,9
4816,79
4817,84
4818,47
4819,85
4820,79
4821,23
4822,100
4823,61
4824,89
4825,70
4826,22
4827,83
4828,94
4829,87
4830,26
4831,19
4832,42
4833,50
4834,19
4835,84
4836,65
4837,21
4838,7
4839,94
4840,60
4841,98
4842,13
4843,37
4844,54
4845,100
4846,75
4847,91
4848,75
4849,24
4850,28
4851,3
4852,24
4853,69
4854,12
4855,46
4856,52
4857,94
4858,3
4859,85
4860,45
4861,74
4862,63
4863,32
4864,98
4865,96
4866,69
4867,91
4868,90
4869,51
4870,0
4871,87
4872,56
4873,87
4874,52
4875,27
4876,33
4877,93
4878,82
4879,68
4880,68
4881,100
4882,10
4883,60
4884,47
4885,100
4886,52
4887,60
4888,71
4889,83
4890,34
4891,71
4892,23
4893,14
4894,11
4895,92
4896,18
4897,46
4898,99
4899,13
4900,23
4901,36
4902,38
4903,22
4904,84
4905,61
4906,28
4907,64
4908,7
4909,89
4910,65
4911,55
4912,67
4913,61
4914,23
4915,14
4916,84
4917,8
4918,46
4919,84
4920,38
4921,25
4922,34
4923,64
4924,86
4925,60
4926,25
4927,80
4928,98
4929,100
4930,33
4931,84
4932,63
4933,71
4934,20
4935,77
4936,13
4937,59
4938,85
4939,6
4940,21
4941,10
4942,15
4943,57
4944,5
4945,30
4946,1
4947,69
4948,56
4949,51
4950,28
4951,64
4952,85
4953,41
4954,35
4955,78
4956,11
4957,50
4958,15
4959,3
4960,65
4961,6
4962,33
4963,50
4964,81
4965,96
4966,39
4967,46
4968,38
4969,57
4970,41
4971,25
4972,80
4973,77
4974,16
4975,44
4976,60
4977,3
4978,89
4979,46
4980,81
4981,76
4982,34
4983,48
4984,39
4985,62
4986,53
4987,0
4988,65
4989,53
4990,42
4991,63
4992,56
4993,46
4994,14
4995,37
4996,13
4997,14
4998,25
4999,55
5000,78
5001,3
5002,40
5003,5
5004,88
5005,43
5006,91
5007,64
5008,96
5009,58
5010,33
5011,7
5012,20
5013,91
5014,68
5015,76
5016,74
5017,75
5018,18
5019,87
5020,51
5021,33
5022,44
5023,79
5024,99
5025,15
5026,6
5027,64
5028,38
5029,68
5030,53
5031,31
5032,82
5033,63
5034,44
5035,90
5036,67
5037,44
5038,93
5039,72
5040,50
5041,0
5042,65
5043,24
5044,87
5045,0
5046,77
5047,6
5048,31
5049,96
5050,91
5051,88
5052,85
5053,87
5054,37
5055,53
5056,54
5057,16
5058,89
5059,28
5060,37
5061,57
5062,51
5063,52
5064,100
5065,28
5066,29
5067,91
5068,15
5069,31
5070,59
5071,35
5072,9
5073,27
5074,49
5075,16
5076,91
5077,30
5078,59
5079,19
5080,23
5081,97
5082,82
5083,60
5084,91
5085,42
5086,3
5087,62
5088,51
5089,89
5090,58
5091,78
5092,97
5093,40
5094,84
5095,64
5096,38
5097,75
5098,32
5099,97
5100,80
5101,30
5102,52
5103,3
5104,2
5105,45
5106,23
5107,59
5108,71
5109,69
5110,43
5111,41
5112,66
5113,95
5114,54
5115,71
5116,56
5117,24
5118,19
5119,42
5120,61
5121,58
5122,12
5123,100
5124,64
5125,29
5126,88
5127,92
5128,72
5129,28
5130,7
5131,72
5132,1
5133,35
5134,98
5135,50
5136,15
5137,0
5138,67
5139,86
5140,71
5141,90
5142,16
5143,67
5144,20
5145,90
5146,5
5147,38
5148,17
5149,39
5150,12
5151,59
5152,3
5153,43
5154,41
5155,17
5156,88
5157,88
5158,99
5159,72
5160,1
5161,11
5162,52
5163,64
5164,12
5165,13
5166,97
5167,15
5168,32
5169,50
5170,57
5171,57
5172,15
5173,80
5174,21
5175,2
5176,36
5177,24
5178,88
5179,91
5180,85
5181,46
5182,55
5183,22
5184,87
5185,40
5186,38
5187,96
5188,80
5189,11
5190,79
5191,73
5192,50
5193,16
5194,6
5195,33
5196,84
5197,54
5198,81
5199,6
5200,2
5201,15
5202,83
5203,32
5204,62
5205,72
5206,82
5207,92
5208,91
5209,12
5210,42
5211,3
5212,21
5213,23
5214,14
5215,30
5216,95
5217,59
5218,14
5219,12
5220,83
5221,48
5222,24
5223,6
5224,79
5225,76
5226,95
5227,18
5228,30
5229,44
5230,33
5231,71
5232,8
5233,54
5234,16
5235,56
5236,31
5237,12
5238,77
5239,68
5240,67
5241,67
5242,59
5243,68
5244,9
5245,64
5246,84
5247,10
5248,73
5249,38
5250,34
5251,86
5252,74
5253,71
5254,86
5255,8
5256,14
5257,44
5258,56
5259,2
5260,80
5261,97
5262,93
5263,97
5264,83
5265,10
5266,40
5267,33
5268,74
5269,91
5270,100
5271,67
5272,94
5273,20
5274,47
5275,56
5276,39
5277,35
5278,13
5279,99
5280,12
5281,17
5282,6
5283,83
5284,30
5285,61
5286,85
5287,17
5288,100
5289,9
5290,28
5291,78
5292,71
5293,78
5294,23
5295,9
5296,93
5297,22
5298,26
5299,3
5300,84
5301,99
5302,37
5303,40
5304,48
5305,69
5306,27
5307,13
5308,96
5309,54
5310,79
5311,96
5312,49
5313,64
5314,18
5315,94
5316,81
5317,97
5318,5
5319,76
5320,27
5321,72
5322,45
5323,74
5324,0
5325,20
5326,9
5327,57
5328,9
5329,42
5330,10
5331,32
5332,98
5333,41
5334,82
5335,62
5336,25
5337,55
5338,89
5339,71
5340,48
5341,93
5342,96
5343,54
5344,2
5345,59
5346,5
5347,53
5348,67
5349,91
5350,34
5351,80
5352,19
5353,75
5354,74
5355,83
5356,43
5357,36
5358,10
5359,96
5360,13
5361,28
5362,0
5363,59
5364,45
5365,65
5366,44
5367,59
5368,0
5369,49
5370,30
5371,32
5372,22
5373,70
5374,82
5375,85
5376,66
5377,89
5378,6
5379,76
5380,4
5381,83
5382,87
5383,75
5384,24
5385,98
5386,39
5387,92
5388,73
5389,71
5390,58
5391,12
5392,80
5393,41
5394,39
5395,76
5396,66
5397,71
5398,65
5399,48
5400,9
5401,2
5402,39
5403,4
5404,70
5405,80
5406,69
5407,27
5408,80
5409,54
5410,96
5411,54
5412,31
5413,40
5414,71
5415,57
5416,95
5417,91
5418,35
5419,1
5420,78
5421,53
5422,42
5423,69
5424,8
5425,50
5426,31
5427,45
5428,28
5429,9
5430,48
5431,56
5432,68
5433,63
5434,35
5435,49
5436,70
5437,16
5438,72
5439,41
5440,52
5441,28
5442,34
5443,49
5444,58
5445,68
5446,49
5447,25
5448,70
5449,14
5450,14
5451,68
5452,94
5453,29
5454,92
5455,20
5456,12
5457,8
5458,88
5459,36
5460,78
5461,26
5462,73
5463,21
5464,81
5465,61
5466,91
5467,31
5468,6
5469,82
5470,61
5471,76
5472,86
5473,6
5474,14
5475,33
5476,77
5477,32
5478,12
5479,35
5480,62
5481,69
5482,85
5483,54
5484,2
5485,21
5486,74
5487,68
5488,78
5489,90
5490,3
5491,17
5492,30
5493,97
5494,4
5495,69
5496,40
5497,100
5498,45
5499,44
5500,86
5501,52
5502,61
5503,89
5504,76
5505,97
5506,12
5507,30
5508,27
5509,74
5510,33
5511,46
5512,46
5513,2
5514,10
5515,4
5516,75
5517,44
5518,6
5519,57
5520,14
5521,32
5522,46
5523,64
5524,7
5525,0
5526,56
5527,14
5528,12
5529,28
5530,8
5531,6
5532,16
5533,76
5534,20
5535,67
5536,98
5537,97
5538,90
5539,31
5540,46
5541,45
5542,51
5543,46
5544,51
5545,79
5546,93
5547,85
5548,23
5549,19
5550,62
5551,39
5552,78
5553,88
5554,39
5555,43
5556,41
5557,8
5558,53
5559,35
5560,48
5561,42
5562,10
5563,86
5564,13
5565,45
5566,64
5567,0
5568,95
5569,6
5570,100
5571,9
5572,84
5573,46
5574,17
5575,45
5576,13
5577,81
5578,85
5579,59
5580,97
5581,11
5582,60
5583,95
5584,34
5585,76
5586,11
5587,84
5588,10
5589,11
5590,96
5591,44
5592,99
5593,73
5594,16
5595,33
5596,16
5597,19
5598,53
5599,85
5600,87
5601,34
5602,47
5603,49
5604,28
5605,57
5606,100
5607,20
5608,81
5609,0
5610,71
5611,90
5612,70
5613,36
5614,45
5615,42
5616,80
5617,50
5618,72
5619,16
5620,99
5621,31
5622,12
5623,92
5624,16
5625,84
5626,77
5627,49
5628,39
5629,83
5630,52
5631,32
5632,3
5633,98
5634,60
5635,92
5636,52
5637,83
5638,40
5639,57
5640,31
5641,32
5642,50
5643,14
5644,24
5645,71
5646,2
5647,74
5648,98
5649,76
5650,93
5651,45
5652,1
5653,64
5654,2
5655,100
5656,10
5657,52
5658,41
5659,88
5660,100
5661,10
5662,90
5663,62
5664,26
5665,95
5666,41
5667,72
5668,86
5669,50
5670,17
5671,93
5672,22
5673,70
5674,4
5675,7
5676,28
5677,5
5678,96
5679,66
5680,77
5681,34
5682,59
5683,69
5684,12
5685,20
5686,65
5687,71
5688,78
5689,73
5690,48
5691,69
5692,48
5693,43
5694,0
5695,14
5696,43
5697,44
5698,82
5699,4
5700,70
5701,65
5702,13
5703,44
5704,24
5705,8
5706,62
5707,36
5708,90
5709,73
5710,44
5711,6
5712,1
5713,14
5714,46
5715,60
5716,95
5717,100
5718,69
5719,76
5720,13
5721,48
5722,0
5723,69
5724,46
5725,61
5726,89
5727,37
5728,32
5729,94
5730,45
5731,74
5732,96
5733,72
5734,87
5735,11
5736,78
5737,63
5738,30
5739,78
5740,87
5741,62
5742,56
5743,36
5744,20
5745,40
5746,47
5747,59
5748,72
5749,75
5750,95
5751,43
5752,26
5753,15
5754,64
5755,5
5756,47
5757,80
5758,28
5759,13
5760,41
5761,30
5762,35
5763,60
5764,88
5765,16
5766,43
5767,38
5768,5
5769,88
5770,22
5771,45
5772,90
5773,42
5774,13
5775,87
5776,47
5777,92
5778,56
5779,80
5780,62
5781,79
5782,46
5783,88
5784,88
5785,77
5786,42
5787,96
5788,23
5789,13
5790,71
5791,92
5792,39
5793,78
5794,3
5795,97
5796,25
5797,75
5798,36
5799,62
5800,58
5801,58
5802,30
5803,10
5804,88
5805,61
5806,84
5807,80
5808,77
5809,32
5810,87
5811,87
5812,8
5813,67
5814,46
5815,19
5816,42
5817,79
5818,11
5819,72
5820,49
5821,62
5822,50
5823,42
5824,29
5825,75
5826,68
5827,73
5828,86
5829,86
5830,20
5831,37
5832,16
5833,7
5834,28
5835,17
5836,88
5837,88
5838,16
5839,2
5840,81
5841,46
5842,35
5843,63
5844,62
5845,50
5846,26
5847,77
5848,63
5849,78
5850,25
5851,89
5852,10
5853,91
5854,56
5855,84
5856,97
5857,96
5858,84
5859,76
5860,44
5861,17
5862,81
5863,4
5864,14
5865,71
5866,83
5867,61
5868,31
5869,70
5870,63
5871,41
5872,16
5873,80
5874,68
5875,22
5876,52
5877,36
5878,9
5879,62
5880,82
5881,72
5882,56
5883,81
5884,96
5885,28
5886,69
5887,16
5888,77
5889,78
5890,7
5891,2
5892,72
5893,37
5894,27
5895,18
5896,100
5897,65
5898,28
5899,73
5900,62
5901,2
5902,56
5903,70
5904,31
5905,15
5906,23
5907,88
5908,61
5909,17
5910,28
5911,12
5912,96
5913,82
5914,94
5915,60
5916,27
5917,15
5918,34
5919,61
5920,10
5921,33
5922,72
5923,68
5924,27
5925,8
5926,12
5927,3
5928,29
5929,100
5930,2
5931,67
5932,85
5933,92
5934,76
5935,46
5936,34
5937,62
5938,79
5939,9
5940,80
5941,0
5942,15
5943,8
5944,1
5945,19
5946,40
5947,76
5948,71
5949,89
5950,90
5951,52
5952,66
5953,42
5954,22
5955,78
5956,60
5957,78
5958,77
5959,55
5960,56
5961,39
5962,85
5963,66
5964,71
5965,55
5966,4
5967,55
5968,4
5969,27
5970,45
5971,95
5972,5
5973,24
5974,21
5975,36
5976,80
5977,61
5978,11
5979,67
5980,32
5981,82
5982,23
5983,22
5984,81
5985,85
5986,43
5987,8
5988,41
5989,46
5990,73
5991,2
5992,81
5993,18
5994,39
5995,89
5996,49
5997,87
5998,37
5999,92
6000,66
6001,35
6002,18
6003,88
6004,81
6005,81
6006,7
6007,92
6008,94
6009,72
6010,21
6011,68
6012,12
6013,14
6014,50
6015,32
6016,59
6017,21
6018,58
6019,67
6020,61
6021,45
6022,36
6023,13
6024,18
6025,0
6026,66
6027,91
6028,91
6029,68
6030,9
6031,40
6032,25
6033,15
6034,11
6035,23
6036,33
6037,74
6038,100
6039,84
6040,85
6041,8
6042,0
6043,71
6044,66
6045,73
6046,88
6047,43
6048,12
6049,76
6050,29
6051,42
6052,96
6053,5
6054,14
6055,93
6056,12
6057,86
6058,21
6059,30
6060,11
6061,9
6062,72
6063,26
6064,3
6065,4
6066,21
6067,45
6068,22
6069,40
6070,79
6071,72
6072,97
6073,9
6074,23
6075,53
6076,90
6077,58
6078,72
6079,4
6080,65
6081,69
6082,47
6083,70
6084,90
6085,70
6086,56
6087,66
6088,80
6089,0
6090,76
6091,36
6092,70
6093,57
6094,11
6095,81
6096,7
6097,17
6098,56
6099,0
6100,42
6101,87
6102,2
6103,78
6104,67
6105,29
6106,69
6107,34
6108,29
6109,52
6110,86
6111,93
6112,33
6113,68
6114,76
6115,66
6116,9
6117,12
6118,94
6119,44
6120,16
6121,93
6122,2
6123,100
6124,100
6125,77
6126,22
6127,15
6128,77
6129,66
6130,22
6131,76
6132,36
6133,30
6134,59
6135,60
6136,100
6137,50
6138,14
6139,67
6140,42
6141,26
6142,24
6143,46
6144,32
6145,20
6146,59
6147,4
6148,26
6149,79
6150,70
6151,45
6152,81
6153,16
6154,67
6155,1
6156,4
6157,98
6158,50
6159,51
6160,77
6161,50
6162,53
6163,87
6164,82
6165,35
6166,63
6167,39
6168,3
6169,53
6170,44
6171,84
6172,7
6173,42
6174,55
6175,28
6176,8
6177,72
6178,98
6179,88
6180,30
6181,49
6182,88
6183,16
6184,67
6185,2
6186,30
6187,91
6188,9
6189,99
6190,53
6191,92
6192,92
6193,60
6194,66
6195,80
6196,16
6197,21
6198,46
6199,85
6200,46
6201,6
6202,7
6203,30
6204,37
6205,43
6206,100
6207,63
6208,75
6209,61
6210,67
6211,36
6212,93
6213,11
6214,4
6215,27
6216,62
6217,41
6218,94
6219,83
6220,6
6221,12
6222,82
6223,39
6224,84
6225,34
6226,82
6227,16
6228,41
6229,26
6230,22
6231,69
6232,0
6233,56
6234,18
6235,54
6236,30
6237,82
6238,59
6239,25
6240,40
6241,11
6242,98
6243,80
6244,56
6245,52
6246,47
6247,51
6248,33
6249,18
6250,46
6251,91
6252,98
6253,46
6254,73
6255,63
6256,5
6257,18
6258,64
6259,2
6260,21
6261,42
6262,17
6263,97
6264,37
6265,41
6266,69
6267,4
6268,74
6269,37
6270,37
6271,37
6272,41
6273,99
6274,19
6275,3
6276,71
6277,28
6278,10
6279,0
6280,100
6281,32
6282,61
6283,50
6284,4
6285,9
6286,33
6287,26
6288,33
6289,83
6290,76
6291,10
6292,79
6293,57
6294,77
6295,18
6296,41
6297,0
6298,7
6299,72
6300,48
6301,96
6302,66
6303,57
6304,83
6305,100
6306,57
6307,42
6308,94
6309,76
6310,86
6311,46
6312,26
6313,37
6314,24
6315,20
6316,86
6317,6
6318,1
6319,42
6320,64
6321,77
6322,8
6323,38
6324,29
6325,27
6326,78
6327,6
6328,1
6329,83
6330,54
6331,8
6332,70
6333,69
6334,75
6335,17
6336,0
6337,56
6338,14
6339,16
6340,92
6341,35
6342,27
6343,54
6344,83
6345,24
6346,58
6347,23
6348,6
6349,12
6350,58
6351,53
6352,27
6353,58
6354,51
6355,75
6356,20
6357,11
6358,82
6359,39
6360,40
6361,85
6362,57
6363,68
6364,24
6365,78
6366,89
6367,24
6368,52
6369,78
6370,69
6371,75
6372,33
6373,95
6374,82
6375,25
6376,62
6377,27
6378,0
6379,35
6380,61
6381,29
6382,79
6383,43
6384,46
6385,71
6386,20
6387,61
6388,4
6389,97
6390,41
6391,62
6392,49
6393,32
6394,59
6395,55
6396,98
6397,83
6398,86
6399,51
6400,62
6401,89
6402,72
6403,97
6404,86
6405,60
6406,64
6407,82
6408,18
6409,17
6410,10
6411,94
6412,59
6413,83
6414,44
6415,21
6416,16
6417,87
6418,98
6419,33
6420,77
6421,53
6422,81
6423,32
6424,61
6425,3
6426,37
6427,93
6428,7
6429,80
6430,90
6431,7
6432,88
6433,79
6434,25
6435,14
6436,40
6437,71
6438,41
6439,18
6440,82
6441,95
6442,27
6443,99
6444,80
6445,82
6446,23
6447,20
6448,9
6449,2
6450,58
6451,68
6452,91
6453,76
6454,80
6455,46
6456,70
6457,20
6458,23
6459,99
6460,36
6461,85
6462,26
6463,28
6464,64
6465,3
6466,76
6467,32
6468,37
6469,71
6470,84
6471,68
6472,97
6473,78
6474,51
6475,19
6476,72
6477,88
6478,43
6479,67
6480,6
6481,68
6482,23
6483,36
6484,37
6485,29
6486,8
6487,39
6488,98
6489,17
6490,81
6491,6
6492,55
6493,81
6494,16
6495,96
6496,45
6497,8
6498,35
6499,68
6500,91
6501,98
6502,71
6503,4
6504,21
6505,47
6506,81
6507,2
6508,49
6509,12
6510,79
6511,13
6512,19
6513,13
6514,19
6515,75
6516,26
6517,64
6518,57
6519,43
6520,5
6521,32
6522,22
6523,86
6524,72
6525,96
6526,93
6527,56
6528,82
6529,42
6530,42
6531,12
6532,7
6533,60
6534,89
6535,61
6536,47
6537,61
6538,51
6539,32
6540,81
6541,26
6542,52
6543,40
6544,45
6545,43
6546,23
6547,30
6548,35
6549,93
6550,37
6551,31
6552,62
6553,60
6554,21
6555,62
6556,0
6557,54
6558,50
6559,31
6560,11
6561,63
6562,90
6563,75
6564,86
6565,90
6566,73
6567,52
6568,78
6569,19
6570,99
6571,64
6572,87
6573,51
6574,20
6575,20
6576,29
6577,64
6578,4
6579,52
6580,29
6581,9
6582,89
6583,43
6584,89
6585,8
6586,51
6587,32
6588,42
6589,5
6590,5
6591,51
6592,100
6593,30
6594,50
6595,67
6596,98
6597,76
6598,69
6599,90
6600,87
6601,71
6602,90
6603,60
6604,11
6605,31
6606,52
6607,85
6608,80
6609,56
6610,52
6611,4
6612,35
6613,29
6614,48
6615,18
6616,75
6617,90
6618,61
6619,75
6620,87
6621,26
6622,8
6623,91
6624,3
6625,83
6626,31
6627,61
6628,62
6629,23
6630,95
6631,18
6632,75
6633,33
6634,94
6635,90
6636,60
6637,42
6638,76
6639,1
6640,78
6641,66
6642,57
6643,64
6644,29
6645,5
6646,49
6647,88
6648,16
6649,1
6650,23
6651,99
6652,61
6653,70
6654,88
6655,28
6656,84
6657,21
6658,44
6659,73
6660,3
6661,36
6662,38
6663,7
6664,75
6665,100
6666,55
6667,57
6668,78
6669,0
6670,79
6671,60
6672,15
6673,70
6674,47
6675,60
6676,79
6677,100
6678,84
6679,72
6680,94
6681,84
6682,78
6683,20
6684,82
6685,28
6686,34
6687,50
6688,14
6689,42
6690,96
6691,37
6692,32
6693,78
6694,38
6695,97
6696,62
6697,11
6698,74
6699,64
6700,0
6701,84
6702,58
6703,71
6704,20
6705,79
6706,17
6707,52
6708,71
6709,84
6710,57
6711,30
6712,90
6713,86
6714,33
6715,17
6716,94
6717,20
6718,38
6719,39
6720,31
6721,37
6722,26
6723,58
6724,28
6725,12
6726,89
6727,51
6728,63
6729,26
6730,69
6731,11
6732,92
6733,68
6734,78
6735,9
6736,12
6737,7
6738,58
6739,85
6740,79
6741,23
6742,64
6743,26
6744,42
6745,42
6746,89
6747,79
6748,62
6749,80
6750,31
6751,78
6752,49
6753,72
6754,8
6755,73
6756,52
6757,42
6758,35
6759,89
6760,1
6761,57
6762,9
6763,44
6764,99
6765,16
6766,59
6767,63
6768,69
6769,0
6770,77
6771,0
6772,7
6773,58
6774,2
6775,15
6776,61
6777,43
6778,29
6779,38
6780,4
6781,65
6782,19
6783,57
6784,41
6785,93
6786,63
6787,1
6788,6
6789,11
6790,27
6791,32
6792,25
6793,14
6794,77
6795,57
6796,62
6797,91
6798,63
6799,7
6800,75
6801,30
6802,56
6803,46
6804,17
6805,33
6806,71
6807,91
6808,88
6809,47
6810,63
6811,96
6812,21
6813,0
6814,78
6815,33
6816,17
6817,64
6818,58
6819,24
6820,67
6821,50
6822,92
6823,5
6824,4
6825,37
6826,70
6827,78
6828,75
6829,14
6830,86
6831,46
6832,3
6833,66
6834,61
6835,27
6836,85
6837,53
6838,61
6839,85
6840,41
6841,100
6842,44
6843,13
6844,64
6845,51
6846,59
6847,8
6848,22
6849,40
6850,59
6851,3
6852,73
6853,85
6854,16
6855,63
6856,69
6857,44
6858,93
6859,11
6860,62
6861,14
6862,10
6863,53
6864,24
6865,35
6866,17
6867,95
6868,78
6869,88
6870,19
6871,73
6872,5
6873,26
6874,43
6875,41
6876,73
6877,58
6878,17
6879,83
6880,32
6881,41
6882,57
6883,33
6884,6
6885,55
6886,88
6887,28
6888,48
6889,28
6890,59
6891,68
6892,41
6893,55
6894,44
6895,72
6896,69
6897,17
6898,25
6899,10
6900,26
6901,0
6902,89
6903,33
6904,74
6905,48
6906,58
6907,63
6908,49
6909,21
6910,66
6911,89
6912,66
6913,22
6914,99
6915,14
6916,48
6917,87
6918,8
6919,79
6920,49
6921,74
6922,90
6923,18
6924,31
6925,5
6926,99
6927,76
6928,55
6929,91
6930,95
6931,69
6932,87
6933,47
6934,33
6935,93
6936,17
6937,53
6938,0
6939,58
6940,23
6941,78
6942,85
6943,72
6944,60
6945,85
6946,29
6947,45
6948,2
6949,75
6950,49
6951,5
6952,57
6953,20
6954,48
6955,38
6956,99
6957,98
6958,42
6959,8
6960,53
6961,3
6962,33
6963,59
6964,15
6965,31
6966,35
6967,46
6968,46
6969,20
6970,49
6971,98
6972,14
6973,2
6974,26
6975,91
6976,61
6977,100
6978,46
6979,35
6980,70
6981,74
6982,2
6983,92
6984,82
6985,80
6986,79
6987,88
6988,19
6989,85
6990,28
6991,7
6992,62
6993,65
6994,89
6995,56
6996,94
6997,28
6998,3
6999,92
7000,87
7001,13
7002,67
7003,86
7004,90
7005,0
7006,17
7007,90
7008,26
7009,71
7010,70
7011,21
7012,95
7013,90
7014,50
7015,37
7016,67
7017,96
7018,46
7019,31
7020,40
7021,36
7022,39
7023,54
7024,31
7025,47
7026,6
7027,63
7028,64
7029,13
7030,55
7031,1
7032,57
7033,15
7034,93
7035,72
7036,7
7037,53
7038,93
7039,24
7040,9
7041,11
7042,29
7043,51
7044,67
7045,16
7046,25
7047,74
7048,100
7049,7
7050,31
7051,60
7052,63
7053,92
7054,72
7055,13
7056,96
7057,32
7058,38
7059,3
7060,7
7061,94
7062,60
7063,86
7064,36
7065,11
7066,11
7067,64
7068,92
7069,43
7070,79
7071,98
7072,77
7073,9
7074,52
7075,60
7076,86
7077,26
7078,15
7079,30
7080,15
7081,92
7082,100
7083,12
7084,36
7085,44
7086,55
7087,44
7088,8
7089,5
7090,45
7091,40
7092,46
7093,37
7094,11
7095,10
7096,87
7097,9
7098,93
7099,75
7100,20
7101,55
7102,55
7103,38
7104,43
7105,73
7106,23
7107,32
7108,55
7109,75
7110,70
7111,5
7112,38
7113,96
7114,38
7115,10
7116,65
7117,70
7118,82
7119,90
7120,13
7121,18
7122,66
7123,19
7124,0
7125,36
7126,10
7127,43
7128,46
7129,17
7130,45
7131,11
7132,89
7133,28
7134,0
7135,18
7136,12
7137,59
7138,83
7139,61
7140,43
7141,51
7142,14
7143,53
7144,52
7145,58
7146,40
7147,78
7148,29
7149,26
7150,50
7151,15
7152,75
7153,11
7154,87
7155,81
7156,76
7157,27
7158,40
7159,14
7160,72
7161,38
7162,34
7163,23
7164,6
7165,56
7166,24
7167,61
7168,74
7169,40
7170,96
7171,50
7172,46
7173,46
7174,37
7175,88
7176,85
7177,49
7178,72
7179,34
7180,57
7181,17
7182,89
7183,38
7184,19
7185,7
7186,15
7187,86
7188,88
7189,52
7190,46
7191,32
7192,45
7193,35
7194,23
7195,79
7196,93
7197,34
7198,8
7199,15
7200,8
7201,87
7202,48
7203,92
7204,54
7205,31
7206,68
7207,91
7208,75
7209,68
7210,69
7211,14
7212,91
7213,48
7214,75
7215,73
7216,33
7217,47
7218,80
7219,27
7220,25
7221,27
7222,61
7223,78
7224,82
7225,7
7226,51
7227,4
7228,81
7229,55
7230,5
7231,76
7232,22
7233,56
7234,20
7235,88
7236,100
7237,60
7238,62
7239,33
7240,58
7241,71
7242,21
7243,77
7244,40
7245,46
7246,54
7247,10
7248,42
7249,78
7250,22
7251,64
7252,48
7253,83
7254,75
7255,31
7256,79
7257,34
7258,57
7259,64
7260,8
7261,58
7262,22
7263,68
7264,89
7265,44
7266,28
7267,25
7268,4
7269,32
7270,28
7271,14
7272,18
7273,34
7274,43
7275,90
7276,60
7277,93
7278,56
7279,72
7280,47
7281,83
7282,62
7283,98
7284,1
7285,96
7286,64
7287,86
7288,79
7289,50
7290,39
7291,56
7292,60
7293,61
7294,69
7295,79
7296,69
7297,24
7298,29
7299,41
7300,78
7301,80
7302,80
7303,29
7304,67
7305,69
7306,58
7307,65
7308,42
7309,96
7310,27
7311,95
7312,53
7313,53
7314,97
7315,17
7316,37
7317,25
7318,75
7319,57
7320,78
7321,46
7322,70
7323,72
7324,36
7325,36
7326,17
7327,50
7328,47
7329,75
7330,58
7331,3
7332,59
7333,2
7334,75
7335,21
7336,85
7337,95
7338,43
7339,96
7340,71
7341,54
7342,55
7343,39
7344,89
7345,64
7346,40
7347,98
7348,53
7349,59
7350,61
7351,100
7352,91
7353,95
7354,69
7355,40
7356,58
7357,45
7358,91
7359,15
7360,5
7361,15
7362,91
7363,100
7364,41
7365,45
7366,39
7367,46
7368,60
7369,98
7370,38
7371,22
7372,83
7373,79
7374,50
7375,63
7376,78
7377,25
7378,40
7379,23
7380,55
7381,17
7382,29
7383,64
7384,55
7385,89
7386,94
7387,33
7388,26
7389,83
7390,12
7391,28
7392,62
7393,42
7394,9
7395,72
7396,95
7397,62
7398,21
7399,84
7400,36
7401,30
7402,36
7403,61
7404,12
7405,84
7406,15
7407,48
7408,4
7409,81
7410,46
7411,82
7412,19
7413,85
7414,64
7415,98
7416,93
7417,37
7418,1
7419,42
7420,39
7421,72
7422,0
7423,54
7424,66
7425,63
7426,45
7427,8
7428,52
7429,68
7430,68
7431,85
7432,24
7433,6
7434,34
7435,36
7436,89
7437,73
7438,0
7439,0
7440,88
7441,21
7442,40
7443,30
7444,42
7445,71
7446,50
7447,27
7448,39
7449,52
7450,41
7451,77
7452,90
7453,39
7454,11
7455,2
7456,27
7457,91
7458,12
7459,28
7460,30
7461,77
7462,78
7463,23
7464,71
7465,84
7466,74
7467,86
7468,56
7469,47
7470,21
7471,23
7472,24
7473,100
7474,41
7475,65
7476,31
7477,77
7478,46
7479,24
7480,63
7481,98
7482,81
7483,60
7484,23
7485,75
7486,36
7487,39
7488,80
7489,95
7490,13
7491,25
7492,77
7493,46
7494,38
7495,87
7496,31
7497,55
7498,55
7499,52
7500,9
7501,88
7502,91
7503,44
7504,9
7505,5
7506,57
7507,7
7508,0
7509,1
7510,29
7511,32
7512,47
7513,38
7514,59
7515,42
7516,51
7517,88
7518,85
7519,3
7520,97
7521,89
7522,67
7523,10
7524,97
7525,43
7526,100
7527,61
7528,9
7529,100
7530,97
7531,72
7532,2
7533,99
7534,45
7535,19
7536,71
7537,16
7538,61
7539,8
7540,73
7541,37
7542,19
7543,78
7544,2
7545,76
7546,45
7547,50
7548,4
7549,23
7550,84
7551,60
7552,5
7553,29
7554,54
7555,78
7556,95
7557,89
7558,51
7559,32
7560,66
7561,65
7562,40
7563,63
7564,15
7565,44
7566,15
7567,44
7568,83
7569,94
7570,8
7571,82
7572,16
7573,42
7574,29
7575,7
7576,1
7577,45
7578,49
7579,26
7580,24
7581,21
7582,54
7583,55
7584,56
7585,27
7586,69
7587,95
7588,3
7589,61
7590,40
7591,66
7592,50
7593,41
7594,98
7595,20
7596,53
7597,46
7598,23
7599,80
7600,53
7601,11
7602,95
7603,84
7604,45
7605,42
7606,4
7607,72
7608,38
7609,98
7610,31
7611,55
7612,87
7613,42
7614,51
7615,58
7616,35
7617,90
7618,25
7619,96
7620,50
7621,78
7622,41
7623,37
7624,63
7625,23
7626,63
7627,23
7628,1
7629,79
7630,93
7631,61
7632,82
7633,36
7634,70
7635,17
7636,10
7637,27
7638,23
7639,70
7640,63
7641,77
7642,12
7643,6
7644,99
7645,41
7646,55
7647,52
7648,26
7649,15
7650,42
7651,86
7652,71
7653,14
7654,78
7655,59
7656,8
7657,69
7658,86
7659,33
7660,3
7661,48
7662,54
7663,93
7664,19
7665,8
7666,88
7667,46
7668,30
7669,15
7670,37
7671,58
7672,98
7673,48
7674,63
7675,31
7676,61
7677,100
7678,80
7679,6
7680,87
7681,98
7682,50
7683,97
7684,59
7685,94
7686,14
7687,30
7688,46
7689,96
7690,59
7691,6
7692,16
7693,14
7694,76
7695,42
7696,20
7697,42
7698,67
7699,41
7700,41
7701,50
7702,58
7703,31
7704,45
7705,50
7706,93
7707,72
7708,52
7709,17
7710,28
7711,18
7712,5
7713,18
7714,87
7715,5
7716,16
7717,32
7718,39
7719,21
7720,14
7721,64
7722,78
7723,4
7724,87
7725,60
7726,20
7727,20
7728,25
7729,61
7730,66
7731,89
7732,81
7733,100
7734,76
7735,14
7736,17
7737,7
7738,3
7739,37
7740,94
7741,22
7742,14
7743,59
7744,21
7745,86
7746,88
7747,56
7748,73
7749,78
7750,26
7751,10
7752,60
7753,21
7754,41
7755,24
7756,97
7757,54
7758,75
7759,13
7760,21
7761,97
7762,75
7763,67
7764,12
7765,68
7766,68
7767,94
7768,35
7769,37
7770,100
7771,15
7772,20
7773,17
7774,65
7775,93
7776,64
7777,68
7778,40
7779,31
7780,57
7781,18
7782,20
7783,35
7784,46
7785,62
7786,49
7787,63
7788,20
7789,29
7790,93
7791,0
7792,72
7793,29
7794,98
7795,17
7796,93
7797,85
7798,58
7799,13
7800,56
7801,78
7802,31
7803,78
7804,64
7805,91
7806,9
7807,37
7808,13
7809,90
7810,25
7811,91
7812,7
7813,72
7814,92
7815,67
7816,17
7817,18
7818,45
7819,24
7820,1
7821,63
7822,14
7823,23
7824,98
7825,23
7826,51
7827,100
7828,67
7829,60
7830,6
7831,55
7832,14
7833,88
7834,72
7835,26
7836,36
7837,16
7838,8
7839,26
7840,71
7841,20
7842,21
7843,67
7844,85
7845,13
7846,54
7847,46
7848,77
7849,83
7850,70
7851,26
7852,43
7853,93
7854,55
7855,24
7856,39
7857,97
7858,48
7859,71
7860,30
7861,33
7862,84
7863,31
7864,100
7865,98
7866,77
7867,45
7868,42
7869,40
7870,91
7871,12
7872,41
7873,49
7874,67
7875,71
7876,66
7877,14
7878,43
7879,48
7880,62
7881,34
7882,39
7883,63
7884,97
7885,56
7886,22
7887,35
7888,30
7889,82
7890,45
7891,2
7892,12
7893,81
7894,96
7895,42
7896,72
7897,39
7898,25
7899,65
7900,18
7901,37
7902,60
7903,58
7904,25
7905,28
7906,46
7907,8
7908,43
7909,99
7910,20
7911,69
7912,41
7913,100
7914,83
7915,67
7916,49
7917,96
7918,76
7919,54
7920,51
7921,10
7922,21
7923,69
7924,70
7925,37
7926,24
7927,25
7928,11
7929,73
7930,66
7931,0
7932,95
7933,97
7934,13
7935,89
7936,34
7937,82
7938,79
7939,90
7940,96
7941,23
7942,64
7943,92
7944,42
7945,77
7946,54
7947,87
7948,71
7949,72
7950,61
7951,83
7952,19
7953,99
7954,23
7955,49
7956,92
7957,8
7958,90
7959,83
7960,0
7961,77
7962,40
7963,52
7964,79
7965,51
7966,48
7967,14
7968,34
7969,67
7970,65
7971,73
7972,72
7973,22
7974,71
7975,8
7976,25
7977,56
7978,25
7979,8
7980,39
7981,14
7982,15
7983,65
7984,72
7985,61
7986,45
7987,39
7988,79
7989,68
7990,60
7991,77
7992,12
7993,67
7994,64
7995,24
7996,5
7997,95
7998,35
7999,30
8000,9
8001,24
8002,24
8003,92
8004,53
8005,39
8006,64
8007,24
8008,41
8009,16
8010,69
8011,8
8012,17
8013,92
8014,27
8015,60
8016,68
8017,94
8018,55
8019,97
8020,69
8021,53
8022,6
8023,55
8024,72
8025,80
8026,21
8027,98
8028,46
8029,70
8030,76
8031,37
8032,84
8033,53
8034,17
8035,66
8036,77
8037,84
8038,96
8039,59
8040,0
8041,90
8042,92
8043,48
8044,38
8045,67
8046,9
8047,33
8048,54
8049,90
8050,27
8051,90
8052,33
8053,6
8054,40
8055,54
8056,41
8057,84
8058,19
8059,42
8060,69
8061,39
8062,1
8063,15
8064,95
8065,17
8066,89
8067,68
8068,81
8069,70
8070,8
8071,67
8072,78
8073,0
8074,17
8075,0
8076,16
8077,54
8078,88
8079,99
8080,15
8081,0
8082,65
8083,91
8084,60
8085,87
8086,11
8087,46
8088,88
8089,57
8090,54
8091,30
8092,42
8093,79
8094,53
8095,38
8096,38
8097,18
8098,10
8099,86
8100,99
8101,39
8102,47
8103,45
8104,65
8105,82
8106,78
8107,87
8108,62
8109,31
8110,15
8111,17
8112,30
8113,100
8114,11
8115,52
8116,94
8117,79
8118,29
8119,85
8120,67
8121,3
8122,62
8123,94
8124,51
8125,54
8126,93
8127,10
8128,53
8129,41
8130,64
8131,74
8132,14
8133,94
8134,22
8135,19
8136,80
8137,24
8138,52
8139,23
8140,5
8141,18
8142,33
8143,10
8144,19
8145,51
8146,30
8147,23
8148,38
8149,81
8150,11
8151,69
8152,19
8153,96
8154,64
8155,7
8156,26
8157,94
8158,14
8159,42
8160,61
8161,99
8162,24
8163,42
8164,29
8165,19
8166,20
8167,97
8168,70
8169,21
8170,41
8171,77
8172,27
8173,59
8174,97
8175,63
8176,19
8177,45
8178,93
8179,41
8180,90
8181,29
8182,77
8183,59
8184,85
8185,34
8186,84
8187,44
8188,59
8189,72
8190,51
8191,98
8192,0
8193,83
8194,18
8195,45
8196,12
8197,43
8198,27
8199,83
8200,23
8201,95
8202,58
8203,34
8204,15
8205,87
8206,75
8207,16
8208,34
8209,28
8210,88
8211,10
8212,94
8213,1
8214,2
8215,88
8216,4
8217,1
8218,87
8219,20
8220,11
8221,69
8222,53
8223,47
8224,91
8225,26
8226,24
8227,82
8228,5
8229,60
8230,94
8231,47
8232,92
8233,70
8234,59
8235,89
8236,76
8237,77
8238,86
8239,85
8240,6
8241,33
8242,68
8243,64
8244,39
8245,49
8246,67
8247,98
8248,35
8249,95
8250,81
8251,77
8252,77
8253,34
8254,40
8255,8
8256,6
8257,71
8258,19
8259,94
8260,54
8261,19
8262,34
8263,52
8264,87
8265,85
8266,3
8267,42
8268,96
8269,55
8270,95
8271,68
8272,52
8273,44
8274,83
8275,45
8276,56
8277,97
8278,88
8279,6
8280,10
8281,59
8282,29
8283,55
8284,56
8285,67
8286,46
8287,97
8288,18
8289,96
8290,72
8291,5
8292,88
8293,86
8294,2
8295,88
8296,24
8297,90
8298,64
8299,64
8300,54
8301,18
8302,61
8303,72
8304,99
8305,52
8306,32
8307,100
8308,35
8309,29
8310,11
8311,21
8312,22
8313,22
8314,78
8315,50
8316,16
8317,83
8318,98
8319,81
8320,38
8321,52
8322,16
8323,93
8324,16
8325,6
8326,33
8327,12
8328,21
8329,49
8330,46
8331,12
8332,92
8333,6
8334,27
8335,30
8336,41
8337,48
8338,79
8339,2
8340,27
8341,59
8342,65
8343,58
8344,72
8345,19
8346,99
8347,15
8348,93
8349,80
8350,52
8351,68
8352,94
8353,34
8354,58
8355,2
8356,9
8357,84
8358,91
8359,19
8360,4
8361,82
8362,12
8363,67
8364,65
8365,38
8366,34
8367,48
8368,84
8369,11
8370,29
8371,18
8372,52
8373,78
8374,50
8375,15
8376,70
8377,25
8378,43
8379,12
8380,68
8381,54
8382,29
8383,8
8384,60
8385,27
8386,2
8387,84
8388,12
8389,45
8390,65
8391,69
8392,97
8393,5
8394,3
8395,79
8396,45
8397,8
8398,35
8399,71
8400,23
8401,86
8402,56
8403,97
8404,68
8405,51
8406,50
8407,20
8408,82
8409,79
8410,89
8411,37
8412,8
8413,18
8414,66
8415,59
8416,65
8417,35
8418,40
8419,36
8420,1
8421,69
8422,96
8423,86
8424,37
8425,27
8426,36
8427,90
8428,27
8429,41
8430,10
8431,33
8432,57
8433,78
8434,15
8435,37
8436,56
8437,10
8438,50
8439,56
8440,33
8441,57
8442,91
8443,1
8444,50
8445,20
8446,8
8447,34
8448,78
8449,29
8450,47
8451,66
8452,77
8453,27
8454,71
8455,22
8456,86
8457,9
8458,27
8459,20
8460,84
8461,38
8462,95
8463,36
8464,74
8465,80
8466,58
8467,99
8468,83
8469,88
8470,66
8471,98
8472,3
8473,15
8474,41
8475,91
8476,42
8477,52
8478,23
8479,1
8480,40
8481,80
8482,95
8483,60
8484,92
8485,35
8486,6
8487,42
8488,75
8489,5
8490,77
8491,24
8492,88
8493,4
8494,53
8495,2
8496,10
8497,58
8498,57
8499,49
8500,41
8501,38
8502,23
8503,73
8504,32
8505,21
8506,39
8507,7
8508,39
8509,55
8510,8
8511,20
8512,65
8513,83
8514,3
8515,86
8516,55
8517,43
8518,1
8519,63
8520,45
8521,78
8522,19
8523,4
8524,81
8525,89
8526,7
8527,25
8528,98
8529,92
8530,78
8531,68
8532,69
8533,33
8534,47
8535,1
8536,34
8537,44
8538,23
8539,17
8540,45
8541,47
8542,80
8543,56
8544,57
8545,32
8546,53
8547,40
8548,10
8549,72
8550,41
8551,65
8552,56
8553,93
8554,11
8555,70
8556,68
8557,10
8558,8
8559,54
8560,68
8561,43
8562,56
8563,73
8564,6
8565,78
8566,33
8567,60
8568,25
8569,79
8570,45
8571,40
8572,87
8573,68
8574,61
8575,32
8576,86
8577,0
8578,46
8579,21
8580,5
8581,7
8582,50
8583,68
8584,27
8585,4
8586,100
8587,81
8588,29
8589,63
8590,26
8591,98
8592,44
8593,52
8594,81
8595,39
8596,29
8597,11
8598,94
8599,32
8600,79
8601,92
8602,82
8603,42
8604,81
8605,8
8606,82
8607,82
8608,91
8609,45
8610,12
8611,2
8612,29
8613,46
8614,68
8615,44
8616,33
8617,10
8618,34
8619,8
8620,53
8621,36
8622,83
8623,59
8624,55
8625,49
8626,23
8627,35
8628,13
8629,4
8630,29
8631,29
8632,91
8633,68
8634,0
8635,99
8636,56
8637,49
8638,79
8639,25
8640,78
8641,71
8642,59
8643,50
8644,43
8645,4
8646,14
8647,74
8648,2
8649,48
8650,45
8651,26
8652,7
8653,60
8654,48
8655,26
8656,59
8657,79
8658,83
8659,10
8660,53
8661,45
8662,89
8663,96
8664,61
8665,39
8666,12
8667,78
8668,81
8669,47
8670,47
8671,27
8672,24
8673,18
8674,52
8675,38
8676,23
8677,8
8678,81
8679,79
8680,1
8681,96
8682,97
8683,88
8684,47
8685,7
8686,59
8687,60
8688,99
8689,22
8690,25
8691,53
8692,18
8693,48
8694,9
8695,34
8696,64
8697,43
8698,18
8699,68
8700,55
8701,60
8702,91
8703,24
8704,72
8705,33
8706,43
8707,39
8708,80
8709,70
8710,28
8711,12
8712,69
8713,77
8714,90
8715,36
8716,19
8717,13
8718,21
8719,19
8720,68
8721,44
8722,75
8723,65
8724,63
8725,69
8726,43
8727,12
8728,8
8729,28
8730,88
8731,95
8732,67
8733,80
8734,93
8735,0
8736,45
8737,63
8738,7
8739,61
8740,46
8741,16
8742,55
8743,22
8744,71
8745,5
8746,5
8747,76
8748,13
8749,90
8750,63
8751,37
8752,27
8753,9
8754,84
8755,42
8756,65
8757,24
8758,31
8759,89
8760,89
8761,36
8762,41
8763,32
8764,68
8765,75
8766,30
8767,91
8768,47
8769,62
8770,82
8771,90
8772,25
8773,98
8774,35
8775,33
8776,26
8777,60
8778,60
8779,77
8780,51
8781,1
8782,26
8783,75
8784,22
8785,2
8786,76
8787,2
8788,69
8789,16
8790,47
8791,83
8792,36
8793,100
8794,20
8795,88
8796,67
8797,80
8798,10
8799,83
8800,4
8801,7
8802,49
8803,30
8804,21
8805,64
8806,7
8807,39
8808,72
8809,32
8810,36
8811,12
8812,7
8813,15
8814,64
8815,6
8816,11
8817,25
8818,9
8819,33
8820,55
8821,89
8822,31
8823,13
8824,2
8825,51
8826,76
8827,2
8828,35
8829,42
8830,36
8831,66
8832,63
8833,94
8834,65
8835,6
8836,93
8837,35
8838,29
8839,84
8840,64
8841,16
8842,70
8843,13
8844,33
8845,3
8846,50
8847,75
8848,14
8849,39
8850,84
8851,74
8852,66
8853,55
8854,45
8855,22
8856,2
8857,40
8858,95
8859,49
8860,78
8861,70
8862,3
8863,23
8864,95
8865,32
8866,80
8867,59
8868,97
8869,12
8870,66
8871,53
8872,14
8873,54
8874,75
8875,38
8876,19
8877,84
8878,39
8879,96
8880,96
8881,53
8882,7
8883,18
8884,42
8885,62
8886,57
8887,21
8888,4
8889,53
8890,81
8891,83
8892,6
8893,7
8894,71
8895,73
8896,86
8897,49
8898,14
8899,20
8900,85
8901,23
8902,96
8903,77
8904,33
8905,72
8906,17
8907,29
8908,85
8909,11
8910,73
8911,60
8912,37
8913,84
8914,92
8915,68
8916,31
8917,16
8918,89
8919,30
8920,47
8921,81
8922,78
8923,9
8924,81
8925,100
8926,83
8927,80
8928,79
8929,44
8930,100
8931,98
8932,97
8933,42
8934,57
8935,99
8936,20
8937,93
8938,42
8939,54
8940,88
8941,60
8942,11
8943,38
8944,75
8945,16
8946,81
8947,69
8948,23
8949,97
8950,29
8951,68
8952,46
8953,76
8954,17
8955,91
8956,63
8957,55
8958,16
8959,4
8960,85
8961,8
8962,76
8963,7
8964,61
8965,79
8966,33
8967,1
8968,63
8969,11
8970,96
8971,18
8972,26
8973,26
8974,23
8975,70
8976,69
8977,26
8978,90
8979,44
8980,24
8981,61
8982,7
8983,76
8984,17
8985,90
8986,77
8987,27
8988,98
8989,59
8990,12
8991,75
8992,10
8993,55
8994,62
8995,41
8996,99
8997,55
8998,6
8999,37
9000,32
9001,88
9002,34
9003,68
9004,47
9005,55
9006,92
9007,58
9008,16
9009,91
9010,39
9011,6
9012,21
9013,74
9014,7
9015,80
9016,70
9017,13
9018,23
9019,58
9020,27
9021,41
9022,50
9023,10
9024,50
9025,54
9026,96
9027,42
9028,11
9029,13
9030,58
9031,48
9032,45
9033,80
9034,31
9035,14
9036,83
9037,23
9038,81
9039,92
9040,64
9041,3
9042,13
9043,72
9044,12
9045,3
9046,26
9047,95
9048,79
9049,78
9050,40
9051,28
9052,45
9053,63
9054,14
9055,44
9056,54
9057,89
9058,79
9059,74
9060,88
9061,0
9062,35
9063,20
9064,71
9065,17
9066,97
9067,3
9068,4
9069,92
9070,10
9071,100
9072,99
9073,30
9074,13
9075,96
9076,53
9077,0
9078,96
9079,72
9080,93
9081,10
9082,26
9083,72
9084,27
9085,98
9086,29
9087,33
9088,80
9089,72
9090,73
9091,12
9092,70
9093,47
9094,90
9095,77
9096,13
9097,21
9098,78
9099,89
9100,7
9101,0
9102,59
9103,51
9104,87
9105,15
9106,55
9107,58
9108,3
9109,22
9110,9
9111,63
9112,11
9113,50
9114,93
9115,71
9116,50
9117,19
9118,46
9119,6
9120,16
9121,13
9122,51
9123,96
9124,27
9125,10
9126,60
9127,68
9128,11
9129,86
9130,60
9131,41
9132,21
9133,31
9134,71
9135,34
9136,83
9137,66
9138,2
9139,83
9140,48
9141,34
9142,20
9143,36
9144,85
9145,36
9146,16
9147,29
9148,75
9149,78
9150,56
9151,50
9152,80
9153,18
9154,62
9155,33
9156,24
9157,73
9158,72
9159,48
9160,33
9161,94
9162,94
9163,80
9164,2
9165,77
9166,61
9167,16
9168,50
9169,27
9170,16
9171,90
9172,30
9173,22
9174,90
9175,84
9176,37
9177,3
9178,47
9179,33
9180,56
9181,100
9182,53
9183,22
9184,7
9185,78
9186,13
9187,12
9188,11
9189,37
9190,79
9191,75
9192,0
9193,79
9194,35
9195,28
9196,71
9197,71
9198,3
9199,11
9200,36
9201,54
9202,53
9203,76
9204,12
9205,20
9206,5
9207,74
9208,2
9209,32
9210,71
9211,77
9212,70
9213,12
9214,9
9215,61
9216,14
9217,79
9218,91
9219,56
9220,24
9221,44
9222,38
9223,81
9224,49
9225,8
9226,71
9227,58
9228,58
9229,87
9230,62
9231,41
9232,41
9233,51
9234,49
9235,100
9236,13
9237,62
9238,52
9239,5
9240,47
9241,57
9242,55
9243,61
9244,25
9245,74
9246,13
9247,63
9248,70
9249,59
9250,29
9251,29
9252,8
9253,26
9254,23
9255,5
9256,96
9257,64
9258,65
9259,72
9260,92
9261,31
9262,10
9263,31
9264,21
9265,65
9266,88
9267,68
9268,24
9269,80
9270,30
9271,49
9272,31
9273,54
9274,8
9275,52
9276,67
9277,71
9278,12
9279,73
9280,49
9281,23
9282,64
9283,94
9284,81
9285,52
9286,91
9287,54
9288,21
9289,16
9290,53
9291,23
9292,73
9293,96
9294,76
9295,64
9296,93
9297,35
9298,46
9299,58
9300,86
9301,20
9302,55
9303,55
9304,43
9305,53
9306,91
9307,2
9308,4
9309,2
9310,47
9311,14
9312,15
9313,48
9314,18
9315,5
9316,90
9317,80
9318,41
9319,16
9320,20
9321,2
9322,9
9323,0
9324,6
9325,89
9326,54
9327,35
9328,57
9329,73
9330,58
9331,79
9332,43
9333,99
9334,3
9335,65
9336,63
9337,75
9338,68
9339,18
9340,11
9341,36
9342,35
9343,23
9344,6
9345,20
9346,23
9347,34
9348,100
9349,48
9350,90
9351,81
9352,55
9353,72
9354,18
9355,69
9356,11
9357,19
9358,20
9359,49
9360,16
9361,4
9362,49
9363,14
9364,63
9365,62
9366,3
9367,38
9368,44
9369,58
9370,29
9371,96
9372,36
9373,41
9374,91
9375,39
9376,73
9377,16
9378,14
9379,44
9380,3
9381,47
9382,99
9383,88
9384,7
9385,25
9386,40
9387,70
9388,66
9389,54
9390,60
9391,7
9392,57
9393,44
9394,71
9395,66
9396,31
9397,65
9398,3
9399,14
9400,41
9401,49
9402,47
9403,22
9404,31
9405,14
9406,64
9407,79
9408,77
9409,87
9410,94
9411,47
9412,65
9413,32
9414,74
9415,67
9416,31
9417,86
9418,69
9419,39
9420,32
9421,72
9422,47
9423,61
9424,22
9425,17
9426,2
9427,47
9428,42
9429,31
9430,3
9431,91
9432,29
9433,56
9434,95
9435,88
9436,40
9437,14
9438,89
9439,82
9440,42
9441,22
9442,87
9443,58
9444,47
9445,28
9446,100
9447,26
9448,85
9449,61
9450,11
9451,58
9452,73
9453,8
9454,41
9455,50
9456,65
9457,93
9458,3
9459,55
9460,89
9461,15
9462,16
9463,24
9464,54
9465,5
9466,39
9467,60
9468,54
9469,21
9470,43
9471,58
9472,92
9473,63
9474,20
9475,25
9476,73
9477,67
9478,61
9479,67
9480,20
9481,55
9482,44
9483,90
9484,42
9485,55
9486,8
9487,100
9488,51
9489,25
9490,68
9491,6
9492,96
9493,17
9494,65
9495,41
9496,22
9497,65
9498,22
9499,27
9500,39
9501,10
9502,52
9503,95
9504,8
9505,66
9506,75
9507,66
9508,62
9509,41
9510,27
9511,43
9512,68
9513,54
9514,17
9515,74
9516,3
9517,37
9518,3
9519,28
9520,99
9521,27
9522,22
9523,43
9524,76
9525,5
9526,61
9527,12
9528,12
9529,50
9530,1
9531,54
9532,95
9533,6
9534,42
9535,91
9536,52
9537,72
9538,13
9539,61
9540,81
9541,38
9542,64
9543,86
9544,42
9545,100
9546,81
9547,65
9548,3
9549,95
9550,15
9551,40
9552,28
9553,26
9554,68
9555,35
9556,70
9557,31
9558,27
9559,61
9560,43
9561,31
9562,14
9563,53
9564,0
9565,48
9566,37
9567,84
9568,80
9569,50
9570,43
9571,42
9572,35
9573,21
9574,46
9575,69
9576,100
9577,50
9578,45
9579,37
9580,9
9581,13
9582,61
9583,34
9584,59
9585,44
9586,24
9587,16
9588,36
9589,17
9590,62
9591,39
9592,64
9593,71
9594,13
9595,31
9596,25
9597,18
9598,80
9599,19
9600,75
9601,57
9602,43
9603,30
9604,97
9605,3
9606,93
9607,49
9608,15
9609,33
9610,60
9611,96
9612,12
9613,76
9614,1
9615,39
9616,18
9617,73
9618,85
9619,29
9620,51
9621,97
9622,23
9623,22
9624,100
9625,97
9626,55
9627,55
9628,28
9629,64
9630,12
9631,25
9632,17
9633,75
9634,58
9635,84
9636,13
9637,22
9638,91
9639,51
9640,9
9641,47
9642,51
9643,33
9644,32
9645,11
9646,57
9647,61
9648,46
9649,20
9650,73
9651,0
9652,3
9653,43
9654,53
9655,25
9656,14
9657,54
9658,72
9659,21
9660,5
9661,73
9662,40
9663,94
9664,63
9665,39
9666,42
9667,1
9668,69
9669,77
9670,80
9671,19
9672,44
9673,31
9674,88
9675,46
9676,73
9677,24
9678,32
9679,69
9680,41
9681,34
9682,61
9683,8
9684,39
9685,19
9686,59
9687,27
9688,61
9689,37
9690,40
9691,75
9692,55
9693,57
9694,58
9695,23
9696,38
9697,24
9698,19
9699,38
9700,10
9701,76
9702,31
9703,87
9704,25
9705,90
9706,43
9707,7
9708,77
9709,70
9710,29
9711,61
9712,89
9713,29
9714,2
9715,84
9716,71
9717,17
9718,55
9719,60
9720,80
9721,41
9722,60
9723,53
9724,60
9725,87
9726,88
9727,50
9728,46
9729,99
9730,68
9731,24
9732,6
9733,10
9734,15
9735,24
9736,66
9737,60
9738,23
9739,94
9740,94
9741,3
9742,27
9743,52
9744,37
9745,14
9746,99
9747,81
9748,54
9749,70
9750,9
9751,83
9752,64
9753,32
9754,33
9755,45
9756,35
9757,4
9758,29
9759,10
9760,78
9761,64
9762,24
9763,65
9764,84
9765,42
9766,87
9767,22
9768,83
9769,71
9770,91
9771,25
9772,77
9773,11
9774,14
9775,68
9776,16
9777,38
9778,93
9779,64
9780,18
9781,29
9782,81
9783,42
9784,92
9785,30
9786,59
9787,67
9788,5
9789,26
9790,52
9791,77
9792,100
9793,50
9794,27
9795,31
9796,22
9797,78
9798,14
9799,51
9800,90
9801,88
9802,46
9803,0
9804,50
9805,45
9806,66
9807,27
9808,55
9809,61
9810,14
9811,50
9812,64
9813,77
9814,61
9815,34
9816,65
9817,6
9818,40
9819,81
9820,78
9821,34
9822,39
9823,35
9824,34
9825,84
9826,94
9827,26
9828,70
9829,5
9830,12
9831,76
9832,73
9833,42
9834,2
9835,91
9836,81
9837,82
9838,35
9839,62
9840,99
9841,82
9842,15
9843,92
9844,94
9845,28
9846,79
9847,90
9848,94
9849,86
9850,54
9851,9
9852,83
9853,69
9854,11
9855,46
9856,48
9857,88
9858,68
9859,15
9860,61
9861,38
9862,93
9863,61
9864,9
9865,74
9866,69
9867,89
9868,12
9869,79
9870,34
9871,10
9872,97
9873,93
9874,3
9875,27
9876,43
9877,85
9878,64
9879,45
9880,62
9881,80
9882,23
9883,0
9884,72
9885,81
9886,76
9887,16
9888,61
9889,63
9890,31
9891,49
9892,88
9893,99
9894,40
9895,93
9896,72
9897,7
9898,57
9899,27
9900,17
9901,58
9902,89
9903,56
9904,7
9905,7
9906,29
9907,76
9908,25
9909,99
9910,75
9911,100
9912,46
9913,72
9914,44
9915,70
9916,73
9917,63
9918,62
9919,16
9920,52
9921,98
9922,8
9923,14
9924,50
9925,43
9926,43
9927,52
9928,14
9929,80
9930,22
9931,30
9932,0
9933,35
9934,57
9935,69
9936,99
9937,50
9938,8
9939,46
9940,20
9941,51
9942,45
9943,41
9944,93
9945,47
9946,90
9947,41
9948,25
9949,69
9950,47
9951,0
9952,36
9953,1
9954,79
9955,71
9956,41
9957,46
9958,15
9959,48
9960,4
9961,76
9962,39
9963,4
9964,50
9965,100
9966,10
9967,29
9968,35
9969,88
9970,37
9971,60
9972,82
9973,73
9974,91
9975,81
9976,57
9977,71
9978,56
9979,51
9980,2
9981,9
9982,16
9983,51
9984,98
9985,73
9986,48
9987,13
9988,69
9989,61
9990,75
9991,71
9992,88
9993,14
9994,48
9995,20
9996,69
9997,52
9998,77
9999,49
10000,42
